Video ID,Approx Duration (ms),Video Category,Video Description (Original),Channel ID,Tag 1,Tag 2,Tag 3,Tag 4,Tag 5,Tag 6,Tag 7,Tag 8,Tag 9,Tag 10,Tag 11,Tag 12,Tag 13,Tag 14,Tag 15,Tag 16,Tag 17,Tag 18,Tag 19,Tag 20,Tag 21,Tag 22,Tag 23,Tag 24,Tag 25,Tag 26,Tag 27,Tag 28,Tag 29,Tag 30,Tag 31,Tag 32,Tag 33,Video Title (Original),Privacy,Video State,Video Create Timestamp,Video Publish Timestamp
3d4Mp1dEehM,365000,People,,UCUQkPM6zQzIs0B6HiSlXbwg,looper,,,,,,,,,,,,,,,,,,,,,,,,,,,,,,,,,Anna's song,Public,Processed,2010-09-23T15:41:37+00:00,2010-09-23T16:28:50+00:00
3fqZKWAHivw,114000,People, ,UCUQkPM6zQzIs0B6HiSlXbwg,emma's,harmonica,,,,,,,,,,,,,,,,,,,,,,,,,,,,,,,,emma's harmonica,Public,Processed,2011-05-25T14:28:39+00:00,2011-05-25T15:18:15+00:00
b4JhW9oXQqI,259000,People, ,UCUQkPM6zQzIs0B6HiSlXbwg,Beyond,the,Tidal,Pool,,,,,,,,,,,,,,,,,,,,,,,,,,,,,,Beyond the Tidal Pool,Public,Processed,2012-03-09T03:17:06+00:00,2012-03-09T06:11:47+00:00
7xiHxGwoQ1I,79000,People,"This is our version of the Harry Nilsson ""Coconut Song""",UCUQkPM6zQzIs0B6HiSlXbwg,Coconut,Song,,,,,,,,,,,,,,,,,,,,,,,,,,,,,,,,Coconut Song.MOV,Public,Processed,2012-04-10T20:54:40+00:00,2012-04-10T21:23:45+00:00
zr5ijCZqPEU,69000,Music,I created this video using my Logitech webcam software.,UCUQkPM6zQzIs0B6HiSlXbwg,Logitech,webcam,,,,,,,,,,,,,,,,,,,,,,,,,,,,,,,,Survey of Rock and Roll (introduction video),Private,Processed,2012-05-26T18:15:38+00:00,2012-05-26T18:16:31+00:00
UZd8LfP3d1k,233000,Music,I created this video using my Logitech webcam software.,UCUQkPM6zQzIs0B6HiSlXbwg,Logitech,webcam,,,,,,,,,,,,,,,,,,,,,,,,,,,,,,,,Syllabus explanation,Private,Processed,2012-05-26T18:28:01+00:00,2012-05-26T18:31:28+00:00
brj-aVjmdAM,116000,Music,I created this video using my Logitech webcam software.,UCUQkPM6zQzIs0B6HiSlXbwg,Logitech,webcam,,,,,,,,,,,,,,,,,,,,,,,,,,,,,,,,Video 1,Private,Processed,2012-05-26T21:27:26+00:00,2012-05-26T21:28:44+00:00
r65rMr6x5sE,304000,Music,I created this video using my Logitech webcam software.,UCUQkPM6zQzIs0B6HiSlXbwg,Logitech,webcam,,,,,,,,,,,,,,,,,,,,,,,,,,,,,,,,Survey of Rock and Roll (Personal Introduction),Private,Processed,2012-05-28T13:14:31+00:00,2012-05-28T13:20:29+00:00
3dfR1of7VC0,35000,Music,I created this video using my Logitech webcam software.,UCUQkPM6zQzIs0B6HiSlXbwg,Logitech,webcam,,,,,,,,,,,,,,,,,,,,,,,,,,,,,,,,Good Morning Friend,Private,Processed,2012-06-04T13:29:44+00:00,2012-06-04T13:30:30+00:00
lP_YRqeCYkw,211000,Music,"This is a song from the depression era by a guy named Yip Harburg.  
here is the wikipedia link to the song info
http://en.wikipedia.org/wiki/Brother,_Can_You_Spare_a_Dime%3F",UCUQkPM6zQzIs0B6HiSlXbwg,Logitech,webcam,,,,,,,,,,,,,,,,,,,,,,,,,,,,,,,,"Brother, Can You Spare a Dime?",Public,Processed,2012-06-08T13:13:21+00:00,2012-06-08T13:14:45+00:00
EGsL8qb-drY,137000,Music,"I am looking for good students.  Take guitar lessons online from a thoughtful, experienced teacher who has your musical goals in my mind.",UCUQkPM6zQzIs0B6HiSlXbwg,Logitech,webcam,,,,,,,,,,,,,,,,,,,,,,,,,,,,,,,,Online Guitar Lessons,Private,Processed,2012-06-08T13:30:27+00:00,2012-06-08T13:37:03+00:00
oGLfs_Hfeps,471000,Music,In this video I show you where to put your fingers to make the chords for Autumn Leaves.,UCUQkPM6zQzIs0B6HiSlXbwg,Logitech,webcam,,,,,,,,,,,,,,,,,,,,,,,,,,,,,,,,Guitar Lesson: Autumn Leaves,Public,Processed,2012-06-09T11:31:12+00:00,2012-06-09T11:34:32+00:00
3V0LbnoeFrM,300000,Music,,UCUQkPM6zQzIs0B6HiSlXbwg,Blues guitar lessons,bass line lessons,how to sing and play the guitar,easy guitar,guitar lesson,,,,,,,,,,,,,,,,,,,,,,,,,,,,,Guitar Lesson: She Caught the Katy,Public,Processed,2012-06-09T14:58:03+00:00,2012-06-09T15:05:14+00:00
2t-WYgkbKBk,222000,Music,I created this video using my Logitech webcam software.,UCUQkPM6zQzIs0B6HiSlXbwg,Logitech,webcam,,,,,,,,,,,,,,,,,,,,,,,,,,,,,,,,Guitar Lesson:  12 Bar Blues,Private,Processed,2012-06-09T15:32:52+00:00,2012-06-09T15:38:12+00:00
CxQk9-cU_X0,214000,Music,This is an introduction to modal chord building,UCUQkPM6zQzIs0B6HiSlXbwg,Logitech,webcam,,,,,,,,,,,,,,,,,,,,,,,,,,,,,,,,Guitar Lesson: A minor and beyond,Public,Processed,2012-06-09T15:44:35+00:00,2012-06-09T15:49:42+00:00
2TGZyAL3XGo,217000,Music,I created this video using my Logitech webcam software.,UCUQkPM6zQzIs0B6HiSlXbwg,Logitech,webcam,,,,,,,,,,,,,,,,,,,,,,,,,,,,,,,,Off the Caprock,Private,Processed,2012-06-09T16:16:41+00:00,2012-06-09T16:21:54+00:00
2FXbJSiqHHs,29000,Music,I created this video using my Logitech webcam software.,UCUQkPM6zQzIs0B6HiSlXbwg,Logitech,webcam,,,,,,,,,,,,,,,,,,,,,,,,,,,,,,,,That rabbit got away,Private,Processed,2012-06-09T17:07:10+00:00,2012-06-09T17:07:44+00:00
BTN60-lylSI,82000,Music,I created this video using my Logitech webcam software.,UCUQkPM6zQzIs0B6HiSlXbwg,Logitech,webcam,,,,,,,,,,,,,,,,,,,,,,,,,,,,,,,,Eli's Jazzy Blues,Private,Processed,2012-06-09T17:07:49+00:00,2012-06-09T17:09:13+00:00
Z7OHhoPvbdo,54000,Music,I created this video using my Logitech webcam software.,UCUQkPM6zQzIs0B6HiSlXbwg,Logitech,webcam,,,,,,,,,,,,,,,,,,,,,,,,,,,,,,,,Highway Patrol,Private,Processed,2012-06-09T17:09:58+00:00,
wGWGO78Uhso,62000,Music,I created this video using my Logitech webcam software.,UCUQkPM6zQzIs0B6HiSlXbwg,Logitech,webcam,,,,,,,,,,,,,,,,,,,,,,,,,,,,,,,,Focus Your Mind,Private,Processed,2012-06-09T17:11:59+00:00,2012-06-09T17:13:04+00:00
fvdJ8jxReqk,72000,Music,I created this video using my Logitech webcam software.,UCUQkPM6zQzIs0B6HiSlXbwg,Logitech,webcam,,,,,,,,,,,,,,,,,,,,,,,,,,,,,,,,E minor etude,Private,Processed,2012-06-09T17:13:50+00:00,
2Emv2NbbMDY,210000,Music,"I was recently a part of an amazing gathering of artistic folks in North Carolina.  After I was there a couple of days I realized that I had at home what everyone there was seeking, community.  This is a song for all my friends in Portales, New Mexico and anyone else who is looking for home.",UCUQkPM6zQzIs0B6HiSlXbwg,Logitech,webcam,,,,,,,,,,,,,,,,,,,,,,,,,,,,,,,,Porches,Private,Processed,2012-06-09T17:26:19+00:00,2012-06-09T17:29:47+00:00
yYMFJELeLgQ,44000,Music,,UCUQkPM6zQzIs0B6HiSlXbwg,,,,,,,,,,,,,,,,,,,,,,,,,,,,,,,,,,Friday Morning,Private,Processed,2012-06-22T12:43:22+00:00,2012-06-22T12:44:02+00:00
WJy2M7bRKi8,53000,Music,,UCUQkPM6zQzIs0B6HiSlXbwg,,,,,,,,,,,,,,,,,,,,,,,,,,,,,,,,,,Big Bond Band Testimony,Public,Processed,2012-06-23T16:39:08+00:00,2012-06-23T16:39:38+00:00
UVPxmNO9hcM,59000,Music,This is a series of ridiculous faces that I made when my face appeared to be much younger.,UCUQkPM6zQzIs0B6HiSlXbwg,,,,,,,,,,,,,,,,,,,,,,,,,,,,,,,,,,A series of ridiculous faces,Public,Processed,2012-06-23T17:19:50+00:00,2012-06-23T17:20:23+00:00
s90oH4d_DcM,52000,Music,Come out to Vines on Friday night.,UCUQkPM6zQzIs0B6HiSlXbwg,Logitech,webcam,,,,,,,,,,,,,,,,,,,,,,,,,,,,,,,,Time to get funky,Private,Processed,2012-06-27T18:42:54+00:00,2012-06-27T18:45:54+00:00
D5mwdmriYaI,152000,Music,,UCUQkPM6zQzIs0B6HiSlXbwg,,,,,,,,,,,,,,,,,,,,,,,,,,,,,,,,,,Everybody Wants,Private,Processed,2012-06-28T12:37:32+00:00,2012-06-28T12:39:33+00:00
cFrfJFfA_to,37000,Music,I created this video using my Logitech webcam software.,UCUQkPM6zQzIs0B6HiSlXbwg,Logitech,webcam,,,,,,,,,,,,,,,,,,,,,,,,,,,,,,,,finger picking on D chord,Private,Processed,2012-06-30T17:49:19+00:00,2012-06-30T17:50:16+00:00
pIGZYfIPLD0,166000,Music,,UCUQkPM6zQzIs0B6HiSlXbwg,Blackwater,Draw,Boys,,,,,,,,,,,,,,,,,,,,,,,,,,,,,,,Everybody Wants,Public,Processed,2012-07-09T03:00:45+00:00,2012-07-09T03:03:33+00:00
K5Tr0ERW2sI,250000,Music,,UCUQkPM6zQzIs0B6HiSlXbwg,Blackwater,Draw,Boys,,,,,,,,,,,,,,,,,,,,,,,,,,,,,,,If I Let You Get Away With It Once,Public,Processed,2012-07-09T03:15:29+00:00,2012-07-09T03:19:33+00:00
N9JcbjPGsEw,70000,Music,Blackwater Draw Boys,UCUQkPM6zQzIs0B6HiSlXbwg,New,Blackwater,Draw,Material,,,,,,,,,,,,,,,,,,,,,,,,,,,,,,Everybody Knew,Private,Processed,2012-07-14T01:55:27+00:00,2012-07-14T01:55:55+00:00
_xPht8ztvsc,77000,Music,,UCUQkPM6zQzIs0B6HiSlXbwg,,,,,,,,,,,,,,,,,,,,,,,,,,,,,,,,,,"""A Dorian"" finger picking",Private,Processed,2012-07-14T15:56:16+00:00,2012-07-14T15:58:00+00:00
ZQcYCI7fyos,61000,Music,,UCUQkPM6zQzIs0B6HiSlXbwg,,,,,,,,,,,,,,,,,,,,,,,,,,,,,,,,,,shook me out,Private,Processed,2012-07-31T22:40:39+00:00,2012-07-31T22:41:31+00:00
KGKJePxGPs4,123000,Music,,UCUQkPM6zQzIs0B6HiSlXbwg,,,,,,,,,,,,,,,,,,,,,,,,,,,,,,,,,,Think Again,Private,Processed,2012-08-14T20:14:16+00:00,2012-08-14T20:15:52+00:00
nkGSjUOKM3k,142000,Music,,UCUQkPM6zQzIs0B6HiSlXbwg,,,,,,,,,,,,,,,,,,,,,,,,,,,,,,,,,,People Once Knew,Public,Processed,2012-08-16T14:36:43+00:00,2012-08-16T14:39:07+00:00
QKJPDlcxt-c,130000,Music,,UCUQkPM6zQzIs0B6HiSlXbwg,,,,,,,,,,,,,,,,,,,,,,,,,,,,,,,,,,F Major 7 voicings,Public,Processed,2012-08-29T14:38:50+00:00,2012-08-29T14:40:56+00:00
pmzeKhUfRpo,73000,Music,,UCUQkPM6zQzIs0B6HiSlXbwg,,,,,,,,,,,,,,,,,,,,,,,,,,,,,,,,,,The Fairgrounds,Public,Processed,2012-08-29T18:39:07+00:00,2012-08-29T18:39:46+00:00
f8kcCDQU1XY,96000,Music,This is either an attempt at creative editing or an anti-advertisement for Logitech cameras and software.,UCUQkPM6zQzIs0B6HiSlXbwg,,,,,,,,,,,,,,,,,,,,,,,,,,,,,,,,,,Getting Ahead of myself,Public,Processed,2012-09-03T14:50:44+00:00,2012-09-03T14:51:40+00:00
ssKyV4hFa6U,99000,Music,,UCUQkPM6zQzIs0B6HiSlXbwg,,,,,,,,,,,,,,,,,,,,,,,,,,,,,,,,,,what time already knew,Public,Processed,2012-09-09T13:42:41+00:00,2012-09-09T13:43:51+00:00
sifmsey12zE,29000,Music,,UCUQkPM6zQzIs0B6HiSlXbwg,,,,,,,,,,,,,,,,,,,,,,,,,,,,,,,,,,A gift,Public,Processed,2012-09-11T20:33:17+00:00,2012-09-11T20:34:37+00:00
YzURj_KFtNA,142000,Music,,UCUQkPM6zQzIs0B6HiSlXbwg,,,,,,,,,,,,,,,,,,,,,,,,,,,,,,,,,,Hello again my friend,Private,Processed,2012-09-19T14:17:45+00:00,2012-09-19T14:19:11+00:00
1OeXZLGH-SA,63000,Entertainment,This video was uploaded from an Android phone.,UCUQkPM6zQzIs0B6HiSlXbwg,mobile,,,,,,,,,,,,,,,,,,,,,,,,,,,,,,,,,Neighbors,Public,Processed,2013-06-27T03:30:43+00:00,2013-06-27T03:31:13+00:00
RhZf47VVK10,75000,Entertainment,,UCUQkPM6zQzIs0B6HiSlXbwg,,,,,,,,,,,,,,,,,,,,,,,,,,,,,,,,,,Untitled,Private,Processed,2017-03-03T21:18:31+00:00,
Y7kIm2RiYPQ,88000,Entertainment,,UCUQkPM6zQzIs0B6HiSlXbwg,,,,,,,,,,,,,,,,,,,,,,,,,,,,,,,,,,Strange primates,Private,Processed,2019-11-18T00:20:55+00:00,2019-11-18T00:21:27+00:00
090nirX0WW8,455000,Entertainment,Instructional video for joseph,UCUQkPM6zQzIs0B6HiSlXbwg,,,,,,,,,,,,,,,,,,,,,,,,,,,,,,,,,,Sailing Song,Private,Processed,2019-12-10T15:09:14+00:00,2019-12-10T15:17:30+00:00
h1RM_CJSOho,259000,Entertainment,"There is a call beyond fundamentalism. There is a Universal Christ whose arms are wide open. There is a name that cannot be spoken. There is no demand made by this being. There is no call to obedience, only acknowledgment of what is. It is very simple; a seed falls into the ground and is then reborn. All form is transient. We are just passing through. The Christ is the One who showed us how to leave form behind (the parable of an ego death). The Universal Christ has no religion; there is nothing to believe, no dogma to follow. There is only death and rebirth (the seed which falls into the ground, dies, and then becomes a tree). There is only the acknowledgment of what-is; the Great I Am. The is-ness. The such-ness. The unobjectifiable mystery of the cosmos. Yeshua didn't come to start  new religion, he came to plant a tree.",UCUQkPM6zQzIs0B6HiSlXbwg,universal christ,Jesus,Lion and the lamb,thorny crown,ophidian,spiritual music,reformation christianity,beyond fundamentalism,acceptance,universal,awakening,Richard Rohr,Eckhart Tolle,Thomas Keating,enlightenment,Great I Am,spirituality,reformation,mindfulness,understanding,spiral dynamics,Bruce Sanguin,Yeshua,resurrection,redemption,salvation,ego death,death to false self,power of now,a new earth,A Course In Miracles,12 step,AA,The Bell That Can't Be Un-Rung,Public,Processed,2019-12-16T23:50:27+00:00,2019-12-16T23:53:34+00:00
ex-JtehyV5M,450000,Entertainment,,UCUQkPM6zQzIs0B6HiSlXbwg,,,,,,,,,,,,,,,,,,,,,,,,,,,,,,,,,,Give my self away,Public,Processed,2019-12-17T05:02:57+00:00,2019-12-17T05:13:31+00:00
zHlxtigwurg,282000,Entertainment,,UCUQkPM6zQzIs0B6HiSlXbwg,,,,,,,,,,,,,,,,,,,,,,,,,,,,,,,,,,Eye of the Hurricane,Public,Processed,2019-12-17T12:32:22+00:00,2019-12-17T12:42:42+00:00
HMIZIXuLAkM,358000,Entertainment,,UCUQkPM6zQzIs0B6HiSlXbwg,,,,,,,,,,,,,,,,,,,,,,,,,,,,,,,,,,No Sway No How (Live),Public,Processed,2019-12-19T22:29:49+00:00,2019-12-19T22:42:36+00:00
uYRoiHonnII,577000,Entertainment,,UCUQkPM6zQzIs0B6HiSlXbwg,,,,,,,,,,,,,,,,,,,,,,,,,,,,,,,,,,Here She Comes,Private,Processed,2020-01-19T08:12:18+00:00,2020-01-19T08:24:14+00:00
85dGwhwVQpU,223000,Entertainment,,UCUQkPM6zQzIs0B6HiSlXbwg,,,,,,,,,,,,,,,,,,,,,,,,,,,,,,,,,,Prayer to the North,Private,Processed,2020-01-26T21:31:48+00:00,2020-01-26T21:34:54+00:00
CnLwtUBvgB0,163000,Entertainment,,UCUQkPM6zQzIs0B6HiSlXbwg,,,,,,,,,,,,,,,,,,,,,,,,,,,,,,,,,,We are the light,Private,Processed,2020-01-26T21:59:36+00:00,2020-01-26T22:01:41+00:00
XP8PWZMFpu0,228000,Entertainment,,UCUQkPM6zQzIs0B6HiSlXbwg,,,,,,,,,,,,,,,,,,,,,,,,,,,,,,,,,,A hummingbird,Private,Processed,2020-01-27T15:36:34+00:00,2020-01-27T15:39:40+00:00
Bgx45FSILSo,660000,Entertainment,,UCUQkPM6zQzIs0B6HiSlXbwg,,,,,,,,,,,,,,,,,,,,,,,,,,,,,,,,,,West Work (Muse Beloved),Private,Processed,2020-01-28T21:16:40+00:00,2020-01-28T21:47:56+00:00
4i3-FBdebZ4,465000,Entertainment,,UCUQkPM6zQzIs0B6HiSlXbwg,,,,,,,,,,,,,,,,,,,,,,,,,,,,,,,,,,The speed of life,Private,Processed,2020-01-29T01:31:36+00:00,2020-01-29T01:35:28+00:00
eN4nm0pOdJw,82000,Entertainment,,UCUQkPM6zQzIs0B6HiSlXbwg,,,,,,,,,,,,,,,,,,,,,,,,,,,,,,,,,,We're gonna be alright,Public,Processed,2020-03-20T02:03:53+00:00,2020-03-20T12:49:14+00:00
qAxcF9NSwUQ,266000,Entertainment,,UCUQkPM6zQzIs0B6HiSlXbwg,,,,,,,,,,,,,,,,,,,,,,,,,,,,,,,,,,You are not alone,Public,Processed,2020-03-20T12:48:56+00:00,2020-03-20T13:01:20+00:00
OjOV0VJuoCY,85000,Entertainment,,UCUQkPM6zQzIs0B6HiSlXbwg,,,,,,,,,,,,,,,,,,,,,,,,,,,,,,,,,,Mr Joe C (a happy instrumental),Public,Processed,2020-03-20T13:01:08+00:00,2020-03-20T13:02:15+00:00
qkSr4U8vNtU,211000,Entertainment,,UCUQkPM6zQzIs0B6HiSlXbwg,,,,,,,,,,,,,,,,,,,,,,,,,,,,,,,,,,Every Open Door,Public,Processed,2020-03-20T13:25:48+00:00,2020-03-20T13:29:02+00:00
Br-HE9jqw9U,118000,Entertainment,,UCUQkPM6zQzIs0B6HiSlXbwg,,,,,,,,,,,,,,,,,,,,,,,,,,,,,,,,,,Angel (Jack Johnson cover),Private,Processed,2020-03-21T13:33:29+00:00,2020-03-21T13:35:35+00:00
b7Szs1ziaCw,110000,Entertainment,,UCUQkPM6zQzIs0B6HiSlXbwg,,,,,,,,,,,,,,,,,,,,,,,,,,,,,,,,,,Social Distancing,Public,Processed,2020-03-21T14:23:22+00:00,2020-03-21T14:24:47+00:00
UEA5rcwytCE,144000,Entertainment,,UCUQkPM6zQzIs0B6HiSlXbwg,,,,,,,,,,,,,,,,,,,,,,,,,,,,,,,,,,"Hello, my friend, hello",Public,Processed,2020-03-21T19:59:40+00:00,2020-03-21T20:02:11+00:00
nk2CnzMM8BM,146000,Entertainment,,UCUQkPM6zQzIs0B6HiSlXbwg,,,,,,,,,,,,,,,,,,,,,,,,,,,,,,,,,,Jitterbug waltz,Private,Processed,2020-03-31T15:33:23+00:00,2020-03-31T16:02:35+00:00
6WxzjwHAURk,332000,Entertainment,,UCUQkPM6zQzIs0B6HiSlXbwg,spiritual music,resurrection,self-acceptance,peace,mindfulness,humbled,broken,gospel,feet of clay,mountain move,inspiration,non-duality,relaxation,help,wisdom,hope,faith,love,,,,,,,,,,,,,,,,Give Myself Away,Public,Processed,2020-04-04T23:00:49+00:00,2020-04-04T23:07:22+00:00
oc3NlKGSdmY,174000,Entertainment,,UCUQkPM6zQzIs0B6HiSlXbwg,,,,,,,,,,,,,,,,,,,,,,,,,,,,,,,,,,Another Hello,Public,Processed,2020-04-05T22:38:43+00:00,2020-04-05T22:41:23+00:00
VIOKoCJfRhc,134000,Entertainment,,UCUQkPM6zQzIs0B6HiSlXbwg,,,,,,,,,,,,,,,,,,,,,,,,,,,,,,,,,,Shad's tune,Public,Processed,2020-04-13T12:12:22+00:00,2020-04-13T12:24:29+00:00
Zk-ajhNyRNA,418000,Entertainment,,UCUQkPM6zQzIs0B6HiSlXbwg,Guitar lesson,chord voicings,minor voicing,minor 9 guitar chord,guitar chords,guitar tutor,guitar tutorial,covid 19,,,,,,,,,,,,,,,,,,,,,,,,,,E Minor 9 sus4 voicings,Public,Processed,2020-04-13T12:29:09+00:00,2020-04-13T13:27:16+00:00
kVmAMVpOsBQ,447000,Entertainment,,UCUQkPM6zQzIs0B6HiSlXbwg,Raised 6th Dorian voicings,minor chords,guitar lesson,guitar tutorial,free guitar lesson,minor voicings,,,,,,,,,,,,,,,,,,,,,,,,,,,,E Dorian voicings (Minor with raised sixth),Public,Processed,2020-04-13T12:40:10+00:00,2020-04-13T14:01:41+00:00
4gL_ZroQRpU,157000,Entertainment,,UCUQkPM6zQzIs0B6HiSlXbwg,Protest song,arising consciousness,connection,permanent holiday,acoustic guitar,reform music,prayer,spirit,,,,,,,,,,,,,,,,,,,,,,,,,,Burn,Private,Processed,2020-05-14T11:38:14+00:00,2020-05-14T11:50:56+00:00
DstjCbhcL70,94000,Entertainment,,UCUQkPM6zQzIs0B6HiSlXbwg,,,,,,,,,,,,,,,,,,,,,,,,,,,,,,,,,,A song for eulalia,Private,Processed,2020-05-14T12:15:37+00:00,
62SeI3t8aO0,162000,Entertainment,,UCUQkPM6zQzIs0B6HiSlXbwg,Jazz blues,blues,fun music,acoustic guitar,music in the park,happy music,,,,,,,,,,,,,,,,,,,,,,,,,,,,Don't have much important to say,Public,Processed,2020-05-14T12:19:20+00:00,2020-05-14T12:33:32+00:00
_WCKMgNF50s,109000,Entertainment,,UCUQkPM6zQzIs0B6HiSlXbwg,,,,,,,,,,,,,,,,,,,,,,,,,,,,,,,,,,Goin down this road feeling bad,Private,Processed,2020-05-14T12:23:32+00:00,2020-05-14T12:32:30+00:00
QV7fTyYtQ9Q,160000,Entertainment,,UCUQkPM6zQzIs0B6HiSlXbwg,,,,,,,,,,,,,,,,,,,,,,,,,,,,,,,,,,Everybody Goes,Public,Processed,2020-05-14T12:27:18+00:00,2020-05-14T12:39:34+00:00
xMqLUa9-qfE,171000,Entertainment,,UCUQkPM6zQzIs0B6HiSlXbwg,,,,,,,,,,,,,,,,,,,,,,,,,,,,,,,,,,Slow Moving River (on the banks of October),Private,Processed,2020-05-14T12:32:03+00:00,2020-05-14T12:43:34+00:00
2OQT0zZxj3k,118000,Entertainment,Violent folk music,UCUQkPM6zQzIs0B6HiSlXbwg,,,,,,,,,,,,,,,,,,,,,,,,,,,,,,,,,,The dogfish song,Public,Processed,2020-05-21T19:38:52+00:00,2020-05-21T19:52:22+00:00
ta1S21wGcDg,1089000,Entertainment,"5:58 - impermanence meditation (resisting change)
8:20 - Brother Can you Spare a Dime?
11:00 - musings about reaching out
12:07 - Stella by Starlight changes
12:43 - One Human to Another
16:04 - A DRAGON blessing",UCUQkPM6zQzIs0B6HiSlXbwg,,,,,,,,,,,,,,,,,,,,,,,,,,,,,,,,,,May I be of service? (Brother Can you Spare a Dime?),Public,Processed,2020-05-23T14:18:36+00:00,2020-05-23T15:55:44+00:00
 -aHtYgIvSlQ,290000,Entertainment,,UCUQkPM6zQzIs0B6HiSlXbwg,world peace,waking up,awakening,pema chodron,Mike Love,Ken wilber,evolution,evolving consciousness,recovery,acoustic music,singer songwriter,multi instrumentalist,New Mexico,Hiroshima,E=mc squared,albert einstein,spiral dynamics,spiritual music,breathing lessons,mindfulness,hope,joy,peac,generosity,openness,self-acceptance,radical self-acceptance,indie music,one love,,,,,No Sway No How,Public,Processed,2020-05-24T00:47:00+00:00,2020-05-24T00:51:54+00:00
zMqADLXn7KY,289000,Entertainment,"Awakening, consciousness, peace, recovery, discovery, hopelessness, hope, loss, psychedelics, help, compassion, generosity, openness, Namaste, uncertainty, spirit, spirituality, non-duality, mindfulness, evolution,",UCUQkPM6zQzIs0B6HiSlXbwg,,,,,,,,,,,,,,,,,,,,,,,,,,,,,,,,,,What We Do,Public,Processed,2020-05-27T01:42:35+00:00,2020-05-27T02:34:06+00:00
ggP-Biqucjc,210000,Entertainment,,UCUQkPM6zQzIs0B6HiSlXbwg,,,,,,,,,,,,,,,,,,,,,,,,,,,,,,,,,,"Bad Fish (Sublime Cover, Ian and Travis)",Public,Processed,2020-06-04T11:34:21+00:00,2020-09-29T12:40:04+00:00
_VTa1czeyVw,149000,Entertainment,,UCUQkPM6zQzIs0B6HiSlXbwg,,,,,,,,,,,,,,,,,,,,,,,,,,,,,,,,,,James and the Snake,Public,Processed,2020-06-09T23:24:43+00:00,2020-09-29T12:39:58+00:00
YzrpWGelwtU,38000,Entertainment,,UCUQkPM6zQzIs0B6HiSlXbwg,,,,,,,,,,,,,,,,,,,,,,,,,,,,,,,,,,watering hole,Public,Processed,2020-06-10T21:07:24+00:00,2020-10-06T10:00:09+00:00
O4pS9Nz8TEg,139000,Entertainment,"I am immensely proud of my son, so grateful that I have shared so much of my life with him, and now he shares his life with me as he goes out into the world, discovering his great adventure. I love you, bud. I admire your strength, courage, and curiosity.",UCUQkPM6zQzIs0B6HiSlXbwg,,,,,,,,,,,,,,,,,,,,,,,,,,,,,,,,,,Naked As We Came (Iron and Wine Cover) Joseph Erwin,Public,Processed,2020-06-10T21:07:43+00:00,2020-07-22T16:50:04+00:00
ZDTrF4mSaEY,188000,Entertainment,,UCUQkPM6zQzIs0B6HiSlXbwg,,,,,,,,,,,,,,,,,,,,,,,,,,,,,,,,,,TravelinTrav & Eulalia visit the zoo,Public,Processed,2020-06-17T01:15:17+00:00,2024-06-03T13:00:29+00:00
l2pcn_ZekCU,51000,Entertainment,,UCUQkPM6zQzIs0B6HiSlXbwg,,,,,,,,,,,,,,,,,,,,,,,,,,,,,,,,,,Kyle? Are you there?,Public,Processed,2020-06-23T13:26:58+00:00,2023-11-06T18:38:58+00:00
GV709dcJ8R4,199000,Entertainment,,UCUQkPM6zQzIs0B6HiSlXbwg,,,,,,,,,,,,,,,,,,,,,,,,,,,,,,,,,,Love is all you need Hakuna Matata,Public,Processed,2020-06-24T00:41:20+00:00,2021-12-02T14:08:30+00:00
7xcW8oIrOGU,369000,Entertainment,,UCUQkPM6zQzIs0B6HiSlXbwg,,,,,,,,,,,,,,,,,,,,,,,,,,,,,,,,,,Shawn Mullins Cover,Private,Processed,2020-06-24T01:09:19+00:00,
zqFFo6VPHc4,47000,Entertainment,Having fun with my friend Ron at his backyard bar b q,UCUQkPM6zQzIs0B6HiSlXbwg,,,,,,,,,,,,,,,,,,,,,,,,,,,,,,,,,,you said you was high class,Private,Processed,2020-06-24T01:56:18+00:00,2020-06-24T02:07:16+00:00
ZtCjZ_DhUbs,133000,Entertainment,,UCUQkPM6zQzIs0B6HiSlXbwg,,,,,,,,,,,,,,,,,,,,,,,,,,,,,,,,,,in the bottom!,Private,Processed,2020-06-24T02:09:40+00:00,
DoItpeIoy9M,187000,Entertainment,Letting go of what we once knew takes a faith beyond superstition and a hope that fills us with a hunger that may never be satisfied.,UCUQkPM6zQzIs0B6HiSlXbwg,,,,,,,,,,,,,,,,,,,,,,,,,,,,,,,,,,Letting Go,Private,Processed,2020-06-24T07:59:55+00:00,2020-06-24T08:12:38+00:00
l4iTw-WlTx0,22000,Entertainment,,UCUQkPM6zQzIs0B6HiSlXbwg,,,,,,,,,,,,,,,,,,,,,,,,,,,,,,,,,,Shreveport? how do you pronounce that?,Private,Processed,2020-06-24T08:40:54+00:00,2020-06-24T08:44:57+00:00
pU7x-wKkZV0,176000,Entertainment,,UCUQkPM6zQzIs0B6HiSlXbwg,Corona,Key West,Homeless,gentrification,searching,travel,,,,,,,,,,,,,,,,,,,,,,,,,,,,Duval Street,Public,Processed,2020-07-17T11:05:04+00:00,2020-07-17T13:29:55+00:00
r_a0Va9r6ww,20000,Entertainment,,UCUQkPM6zQzIs0B6HiSlXbwg,,,,,,,,,,,,,,,,,,,,,,,,,,,,,,,,,,Skipper (key west),Public,Processed,2020-07-19T15:23:19+00:00,2023-06-14T15:58:38+00:00
VE_h_7dotBk,177000,Entertainment,,UCUQkPM6zQzIs0B6HiSlXbwg,,,,,,,,,,,,,,,,,,,,,,,,,,,,,,,,,,Duval Street (Roosters Crow),Public,Processed,2020-07-22T15:19:58+00:00,2020-07-22T15:34:30+00:00
8YTJpVJvxqI,33000,Entertainment,,UCUQkPM6zQzIs0B6HiSlXbwg,,,,,,,,,,,,,,,,,,,,,,,,,,,,,,,,,,Key west...how to get out of the rain and protect the instruments,Public,Processed,2020-07-22T15:41:16+00:00,2020-07-22T16:14:41+00:00
PR6YVwcnf08,1349000,Entertainment,Travis talks about his earliest music teachers.,UCUQkPM6zQzIs0B6HiSlXbwg,,,,,,,,,,,,,,,,,,,,,,,,,,,,,,,,,,Underwater Conversations #1,Public,Processed,2020-07-24T17:34:07+00:00,2020-07-24T18:17:50+00:00
yGdjlQwcYM0,18000,Entertainment,,UCUQkPM6zQzIs0B6HiSlXbwg,,,,,,,,,,,,,,,,,,,,,,,,,,,,,,,,,,An iguana for James,Public,Processed,2020-07-30T17:40:51+00:00,2020-07-30T17:41:19+00:00
D2Zf8M8Vawk,936000,Entertainment,"The ideas expressed in this video are meant to help those of us who are growing past the limited experience of religious fundamentalism. Fundamentalism may appear in many forms, but it is generally accompanied by some form of intolerance, exclusion, or self-righteousness. Fundamentalism can be intoxicating; it can make us feel superior to others, set apart, smarter than, and safe in our own exclusive groups. But many of us find this experience to be insufficient in answering the calling that God has on our lives.

Travis shares with you what it's like to develop a faith that is beyond fundamentalism and superstition. We are set free when we realize that the Christ was actually showing us how to leave form behind in order to move on to the next stage of our personal development. 

Fundamentalist thinking insists that we pledge allegiance to a particular name or face of God, but the true nature of reality is very different. In reality, we are free to move in and out of form while deepening our relationship with the creative and loving intelligence that has been called G_d. It is this  evolution of consciousness in the individual and in the collective that the stories of Jesus may show us. On the cross, he showed us how to dissolve our egos, so that we can move on to a deeper reality of Spirit, or Love. No one religion can contain fully this message. We are free to take what works for us and leave the rest behind. We can always circle back later on and integrate the forms that we have left behind (spiral dynamics).

Once our egos have died to our ethnocentrism, our nationalism, and our religious prejudices, then we can return to the basic heart of what the Christ was showing us. Jesus didn't come to start a new religion. He came to plant a tree. 

A seed goes into the ground and dies. Once this death has occurred, then roots go down and draw the nutrients from the rot and the decay of all the life that has lived before. Green leaves then reach toward the sun, turning light (which is both wave and particle) into energy.

Travis speaks only from his own experience, strength, and hope. There is no expectation that you believe anything that he is saying. There is only the hope that the birth of love in one individual may assist in the awakening of another.

Peace to you",UCUQkPM6zQzIs0B6HiSlXbwg,12 step program,twelve steps,Christianity,Universal Christ,Jesus,Ken Wilber,Pema Chodron,fundamentalism,freedom from religion,self-acceptance,acceptance,Christ,Eckhardt Tolle,Eckhart Tolle,Key West,leaving form behind,spiral dynamics,not giving a fuck,spirituality,Jesus and Peter,Life's work,How to escape religious mind,how to love,understanding,compassion,holiness,religious abuse,ahimsa,Gandhi,MLK,buddhism and christianity,buddhism,,Beyond Fundamentalism,Public,Processed,2020-08-23T18:49:14+00:00,2020-08-23T19:37:57+00:00
wIHDpwqXuA4,215000,Music,I wrote and recorded this song 14 years ago. I have never shared it with anyone that I recall. It seems to be appropriate for me right now. I hope it speaks to you also.,UCUQkPM6zQzIs0B6HiSlXbwg,,,,,,,,,,,,,,,,,,,,,,,,,,,,,,,,,,Move On (a song of forgiveness and self-care),Public,Processed,2020-09-25T00:19:15+00:00,2020-09-25T00:27:03+00:00
yw7zL9ova6c,229000,Entertainment,"In 2001 I became a police officer. Before I started the training, several of my friends tried to help me understand that I was probably not cut out for the job. It wasn't until after completing my training and moving to the midnight shift that I began to understand that they were right. However, the truths that I learned about myself and the justice system were invaluable. 

I sought this job with great optimism and trust. I went in with the intention to serve. I was a young man who was trying to join. I wanted to be a part-of. I had become willing to believe in the status-quo, but ultimately the job broke my heart.

As I was in training, many people warned me that I would see the dark side of humanity. When they said this I assumed that they were talking about the ""bad guys,"" as we called them. But this is what I actually discovered: 1. The dark side of myself 2.  the darkness of an unjust justice system. In the end I understood that I was unable to be the hand of this justice system that persecuted poor, broken, suffering people. in the end I learned how poor, broken, and suffering I really was.

At the same time that all of this was going on I was also watching my own fundamentalist religious beliefs dissolving. As a desperate young man, searching for some kind of healing, I had given myself to bible-belt Christianity, which I eventually found to be very much opposed to the teachings of Christ. I finally quit my job after having realized that I had become complicit in the institutionalized abuse of my brothers and sisters.

This was a big blow to my young family. Me and my wife had two children and she was pregnant with our third. This was the first time we'd ever been able to afford health insurance. This was the first job I'd ever had in which I was not required to empty the trash. But, I did have the courage to walk away, which I now see as a pivotal moment in my personal development.

I also ended up walking away from institutionalized religion. Maybe ""ran away"" would be a more appropriate description.

This song was sung by a twenty-eight year old man who is recognizing the absurdity of his own being. This song was written by a man who is recognizing the limitations of a uniform. This song was sung by a young man who was still desperately trying to follow the Christ, who had tried, once again to join the system that his mentors were calling ""good."" The young man who sang this song was walking away from the status quo in order to find something more compassionate for himself. Much personal suffering was still to come.

This story is still not complete. Eighteen years later, the young man is now a middle-aged man. He is still trying to understand how to be of service to his community in a way that does not compromise the integrity of his compassionate being. He is still suffering. He is still broken. He still longs to join, to be a part of community. He recognizes that he is possibly so broken that he is just unable, somehow, to be a part of the communities that have called to him. He is hurting. He has asked for help in so many ways, and he has received so much, yet he still feels so lost much of the time.

Please remember, we are all here together. We may not be able to know the true heart of the people who still wear these uniforms. I pray that we would all find that deep love and compassion that is waiting for each of us as a people. I pray for an end to all the violence which manifests in gross and subtle forms. I pray for the young men and women who are looking for some kind of control over their lives and unconsciously seek this control by wearing a sidearm. I pray for our broken hearts. I pray for all the people who are incarcerated in a hopelessly broken ""justice"" system. I pray that God would grant us the strength and courage to step away from that which is hurtful to all of us. And I pray that we would all find ourselves in Love.",UCUQkPM6zQzIs0B6HiSlXbwg,Rayshard Brooks,Daniel Prude,George Floyd,Breonna Taylor,Atatiana Jefferson,Aura Rosser,Stephon Clark,Botham Jean,Philando Casteel,Alton Sterling,Michelle Cusseaux,Freddie Gray,Janisha Fonville,Eric Garner,Akai Gurley,Gabriella Nevarrez,Police Brutality,Police killings,police violence,awakening,walking away,spiritual awakening,ken wilber,Eckhart Tolle,Police Officer,injustice,social justice,Martin Luther King,Fundamentalism,,,,,Workin' Nights,Public,Processed,2020-09-29T11:24:10+00:00,2020-09-29T12:13:02+00:00
6vFtbIEkgTE,135000,Entertainment,A ridiculous exploration of the half-whole-diminished scale.,UCUQkPM6zQzIs0B6HiSlXbwg,alien music,dance music,comedy songs,songs to make you laugh,happy songs,silly songs,comedy,half whole diminished scale,alien life,SETI,,,,,,,,,,,,,,,,,,,,,,,,Alien Dancer,Public,Processed,2020-09-29T14:34:50+00:00,2020-09-30T10:00:02+00:00
SzL7FnhxLm0,332000,Entertainment,"For those of us who have spent a significant portion of our lives feeling overwhelmed by negative thoughts and emotions, may this song bring reassurance that there is an innate presence in us that is greater than our fears. 

In the eye of the hurricane you are always still.",UCUQkPM6zQzIs0B6HiSlXbwg,mindfulness,peace,spiritual songs,acceptance,God,guidance,compassion,mental health,bipolar disorder,love,Christ,Buddha,Buddhism,love songs,heartache songs,inspirational songs,peaceful songs,hopeful songs,Jesus,Eckhart tolle,,,,,,,,,,,,,,Eye of the Hurricane,Public,Processed,2020-09-29T15:06:07+00:00,2020-10-01T06:00:07+00:00
f40ubIeSHzQ,195000,Entertainment,"I continue to search my archive of recordings for songs that make me smile. I used to take my guitar to lake Hefner in Oklahoma City. One day, as I sat on the rocks by the road by the beach, I was bitten by a creepy-crawly thing which disappeared back into the rocks. Needless to say I was very disturbed (honestly thought I might be dying!). That incident sparked the beginnings of this song which I finished many years later. I hope it brings a smile to your face right now, my friend! BTW, this song includes cowbell, which may need to be brought up in the mix! more cowbell! I celebrate life with you!",UCUQkPM6zQzIs0B6HiSlXbwg,songs about snakes,garden of eden,funny songs,comedy songs,indie music,cowbell,,,,,,,,,,,,,,,,,,,,,,,,,,,,Rocks by the Road,Public,Processed,2020-09-30T04:45:20+00:00,2020-10-02T12:00:09+00:00
zIvRyx7vlaE,186000,Entertainment,,UCUQkPM6zQzIs0B6HiSlXbwg,instrumental music,nylon string guitar,classical guitar,music for October,relaxing music,peaceful music,guitar music,peaceful guitar music,meditation music,mindfulness music,eckhart tolle,mooji,sadghuru,,,,,,,,,,,,,,,,,,,,,Slow Moving River (on the banks of October),Public,Processed,2020-09-30T05:00:28+00:00,2020-09-30T05:03:41+00:00
PkSXTFsYHgU,349000,Entertainment,"I worked as a physical therapist assistant in nursing homes for a total of two years. I had the honor of meeting many beautiful souls who were making peace with themselves at the end of their lives. I found the whole experience to be a profoundly exhausting meditation on the impermanent nature of our existence.

This song begins with a story about a man that I met who was grieving the loss of his autonomy. He was frustrated by the fact that the comfort of his own home was just a few miles away, yet he was not allowed to be there. During one of our therapy sessions he retrieved a napkin and a pencil from his pocket and began to sketch the floorplan of his home. I watched as his frustration and anger turned into tears which dripped down his nose and onto his sketch.

Loss seems to be built into our lives. There's no way to avoid it. Acceptance of our loss and the grief that comes with it is sometimes hard to come by. Some people say that what causes unnecessary suffering is twofold: 1. We cling tightly to that which we desire. 2. we push away from that which is undesirable. 

Today, I see many of us suffering very deeply. We hold on to our need to be right. We push away from anything that threatens our worldview. Waking up from our suffering is a lifetime journey. My prayer for us today is that we might find the courage to face and accept ourselves and one another exactly as we are, allowing the love a deeper-power to permeate the more ""out there"" (egoic) aspects of our personality.

God bless you, my friend",UCUQkPM6zQzIs0B6HiSlXbwg,,,,,,,,,,,,,,,,,,,,,,,,,,,,,,,,,,The Beautiful Thing,Public,Processed,2020-10-01T14:46:49+00:00,2020-10-03T10:00:06+00:00
a5CAi188px4,231000,Entertainment,"A tune written by Ray Henderson in 1926 which would become a beloved Jazz standard. My favorite recording of this song was done by Rachelle Ferrell:
https://www.youtube.com/watch?v=zL5nkyCXySU",UCUQkPM6zQzIs0B6HiSlXbwg,,,,,,,,,,,,,,,,,,,,,,,,,,,,,,,,,,Bye Bye Blackbird,Public,Processed,2020-10-01T15:33:13+00:00,2020-10-04T10:00:01+00:00
QmUar0eymEM,236000,Entertainment,,UCUQkPM6zQzIs0B6HiSlXbwg,mindfulness,breathing,recovery,acceptance,encouragement,help,love,resurrection,swimming,water,diving,perspective,songs for sons,wisdom,Jesus,Christ,life advice,12 step,,,,,,,,,,,,,,,,Break the Surface (then you breathe),Public,Processed,2020-10-01T20:40:34+00:00,2020-10-05T12:00:09+00:00
eP-y8KwYwbQ,249000,Entertainment,"I am so grateful to have had the chance to be a part of this beautiful family. It's just about two-and-a-half years now since Carol and I parted ways, but I would still not trade anything for the honor of having been the father of these three beautiful children and the husband of a woman who taught me so much about life. I pray for all of us, that we would be filled with all the deepest of love and compassion for one another. You are all my greatest teachers!

Thanks to my friend, Matt Hope for playing saxophone on this track. We recorded this back in 2005 as we were making the Rucker Brothers album in  Dyron Beaty's studio.",UCUQkPM6zQzIs0B6HiSlXbwg,,,,,,,,,,,,,,,,,,,,,,,,,,,,,,,,,,Small Piece of Pie,Public,Processed,2020-10-01T22:19:15+00:00,2020-10-07T04:00:04+00:00
AnNkpNELA8s,202000,Entertainment,"This video is one in a series that I am posting as a celebration of life! I got to spend several incredible months with this beautiful woman. What an inspiration she was to me, a true gift from God. I am immensely grateful to know her. It is with deep thanks in my heart that I post this video. Thank you, Eulalia. May the Lord bless you and keep you, cause his face to shine upon you, be gracious to you, and give you peace.",UCUQkPM6zQzIs0B6HiSlXbwg,Love songs,falling in love,gratefulness,,,,,,,,,,,,,,,,,,,,,,,,,,,,,,,Hold Me Tonight,Private,Processed,2020-10-01T23:41:25+00:00,2020-10-08T10:00:02+00:00
dRsNuO4dSIg,138000,Education,,UCUQkPM6zQzIs0B6HiSlXbwg,,,,,,,,,,,,,,,,,,,,,,,,,,,,,,,,,,To Hold You,Private,Processed,2020-10-03T22:53:01+00:00,
zCCtOGAqsyA,279000,Entertainment,"""Forgiveness is the means by which we will all remember."" ACIM",UCUQkPM6zQzIs0B6HiSlXbwg,ACIM,spirituality,universal christ,Christ,Jesus,baby J,mindfulness,forgiveness,spiritual songs,uplifting songs,disarmament,letting go,acceptance,Jesus Christ,life lessons,world peace,hope,faith,joy,love,,,,,,,,,,,,,,Every Open Door (wide open),Public,Processed,2020-10-04T16:14:44+00:00,2020-10-09T04:59:38+00:00
eJ7lxDd6d7Y,83000,Entertainment,Songwriters: Cahn/Gordon,UCUQkPM6zQzIs0B6HiSlXbwg,Frank Sinatra,Jazz Standards,Happy songs,Children,cute kids,,,,,,,,,,,,,,,,,,,,,,,,,,,,,You Make Me Feel So Young,Private,Processed,2020-10-06T14:56:34+00:00,
aa7jIxhEjXc,98000,Entertainment,,UCUQkPM6zQzIs0B6HiSlXbwg,,,,,,,,,,,,,,,,,,,,,,,,,,,,,,,,,,Captain T,Public,Processed,2020-10-06T15:03:58+00:00,2020-10-14T04:00:01+00:00
HnSdJ_hv_0w,186000,Entertainment,,UCUQkPM6zQzIs0B6HiSlXbwg,feel good music,happy music,soul searching,love,Jesus,Christianity,Joyful,Happiness,Love,mindfulness,celebration,care,generosity,nurturing,,,,,,,,,,,,,,,,,,,,Have I Made You Smile?,Public,Processed,2020-10-06T15:45:11+00:00,2020-10-23T16:00:06+00:00
N0LKczSq3Gw,270000,Entertainment,"I wrote this song when I was in my early twenties after a profound spiritual experience that was centered around the spirit of Christ. I built a strong practice, renewing my mind with scriptures that encouraged me. I was filled with the Spirit. I spoke in tongues. I sang praises to God. I I prayed to the one true living God. I danced with abandon. I memorized the holy scripture.

When my oldest daughter was one year old, my wife and I sold all of our possessions and gave all the money away as we felt led. The act was a prayer to know God more intimately. We hoped that we would be led into the missionary field. But something very different happened.

Like the ones and zeros in the movie, The Matrix,  the religious institutions and the governmental systems began to dissolve before our eyes. We had taken the red pill. I became disillusioned, quit my job as a police officer, and was rejected by the church family in which my faith had developed (Actually, I'm not sure who rejected who). The pastor of the church told me that I spoke with the voice of Satan. I was heartbroken.

Disillusioned and angry, not sure whether to blame ""them"" or myself, I tried to maintain my faith in Christ. However, I found myself unwilling or unable to forgive. I eventually threw the baby out with the bathwater; unable to understand who Christ was outside of religious fundamentalism I renounced my faith and took up a shit-ton of toxic resentments toward Christians and the United States government.

In a matter of a few years I swung from the religious-right to the ""progressive"" left, both of which I would eventually come to understand as fundamentalist mindsets. I became a militant minded atheist. I envisioned myself hovering at the edge of the observable universe, scraping out all the remnants of the religious superstitions that I felt had corrupted my mind.

After years of desperate suffering I have now reconnected with the Spirit of my faith. It now seems to me that an exodus out of institutionalized religion is a valid spiritual path. Today I am engaged in a faith that is beyond superstition, yet I still embrace the mysticism that my spirit-filled evangelical roots encouraged. I am grateful that the Christ lives in me today. However, I have been largely delivered from the destructive fundamentalism that I have come to understand is not just limited to religion.

After much help and a lot of love from many different origins and practices I have become comfortable with not knowing. Over the years I have developed a strong practice of acceptance and not-knowing, while understanding myself to be one with the Christ and all my fellow human beings. 

The suffering that came as I insisted that I was my ego was enough to make me wish to be dead many times. I have visited two emergency rooms, one psychiatric unit, and two mental health treatment facilities in my search for freedom. Among my spiritual practices have been mindful meditation, the 12 step program, and the integration of sacred medicine into my worldview.

My calling is to share my experience, strength, and hope with my fellow human beings. I believe that we are all one. Any judgment that I put on my brother is only judgment that falls on my own head. My greatest teachers include Pema Chodron, Thic Nhat Hanh, and Ken Wilber among many others. If you find yourself moved by my music and my story, maybe we need to connect. 

There is an awakening that is happening. We are all teachers. The greatest teachers are the ones who point to the teacher who lives in you.",UCUQkPM6zQzIs0B6HiSlXbwg,Jesus,who am I in christ?,scriptural identity,Identity in Christ,Bible,Scripture songs,Christianity,Righteousness of God in Christ Jesus,Son of man,Salt of the earth,light of the world,heavenly poem,seated with christ,mercy,grace,worship songs,Jesus Songs,,,,,,,,,,,,,,,,,Identity Song (finding Identity in Christ),Public,Processed,2020-10-06T16:16:03+00:00,2020-10-13T13:28:13+00:00
FPOJs2kk8Ks,356000,Education,,UCUQkPM6zQzIs0B6HiSlXbwg,Mr. Rogers,Spiritual growth,Spirit,personal growth,spiritual awakening,Love,Acceptance,Self Loathing,Self hate,positive television,role models,Fred Rogers,enlightenment,ego dissolution,ego,mindfulness,salvation,,,,,,,,,,,,,,,,,Me and Mr Rogers (Mental Health),Public,Processed,2020-10-09T04:46:35+00:00,2020-10-11T11:12:04+00:00
vT6neJTo12Y,246000,Entertainment,"Forgiveness wash over me. Forgiveness set me free. I want to be a holy man, carry love inside of me. I want to be a holy man. Forgiveness set me free. 

If I judge you that judgement falls upon me too, and I have often regretted that judgment falling on my head.

Forgiveness wash over me. Forgiveness set me free.",UCUQkPM6zQzIs0B6HiSlXbwg,,,,,,,,,,,,,,,,,,,,,,,,,,,,,,,,,,Forgiveness (Wash Over Me),Public,Processed,2020-10-09T15:43:12+00:00,2020-10-10T01:55:13+00:00
82vKrWCC-vw,7000,Entertainment,,UCUQkPM6zQzIs0B6HiSlXbwg,,,,,,,,,,,,,,,,,,,,,,,,,,,,,,,,,,when your roomates are both out of the house on a Friday afternoon!,Private,Processed,2020-10-09T17:38:15+00:00,2020-10-09T17:38:49+00:00
PqQldSkFg-c,138000,Entertainment,,UCUQkPM6zQzIs0B6HiSlXbwg,,,,,,,,,,,,,,,,,,,,,,,,,,,,,,,,,,Letting Go,Public,Processed,2020-10-10T02:26:11+00:00,2020-10-22T22:00:05+00:00
PDbKXU1SGuQ,610000,Entertainment,"""Come. Come. Whoever you are. Wanderers. Worshipers. Lovers of leaving..."" Rumi

Please. If you have 10 minutes. will you commune with me? Consider it a prayer for those of us who seem to stumble over the most obvious of obstacles; for those of us who phase in and out of right-mindedness. Let's make it an authentic prayer that we'd have the courage to accept fully that forgiveness for ourselves and those ""others"" that appear to be out there. A prayer that we might see with the eyes of Love. I open my heart to you, my friend. I ask for your prayers. I ask for your support. I'll sing you a song.",UCUQkPM6zQzIs0B6HiSlXbwg,,,,,,,,,,,,,,,,,,,,,,,,,,,,,,,,,,When Desperation Meets Service (With a Smile) World Mental Health Day,Public,Processed,2020-10-10T21:56:24+00:00,2020-10-10T22:45:23+00:00
3irkOTF_nKU,351000,Entertainment,"Unfortunately, I failed to give any credits on any of the prior videos. I intend to correct this error. I got all of these incredible images from unsplash. I have attempted to list all the artists that I used. I sincerely apologize if I somehow missed you. I am just learning. 

photography credits: Cristina Gottardi, Sebastian Pena Lombardi, Jakob Owens, Gerald Schombs, Marek Okon, Analia Ferrario, Steve Halama, Nariman Mesharrafa, Clint Bustrillos, Todd Turner, Ron Whitaker, Alex Steyn, Derek Owens, Claude Piche, Ksenia Makagonova, Bruce Christianson, Cristina Palmer, David Clode, Seth Doyle, Jonas Allert, Francesco Califano, Wai Siew, Jared Rice, Ronnie Overgoor, Michael Dan, Matt Hardy, Dylan Mullins, Forrest Moreland, Quino Al, Jeremy Bishop, Alexandre Brondino, Robert, Torbjorn Sandbakk, Drew Farwell, Joshua Earle, Nikolas Axelis, Mohamed Nashah",UCUQkPM6zQzIs0B6HiSlXbwg,,,,,,,,,,,,,,,,,,,,,,,,,,,,,,,,,,Beyond the Tidal Pool,Public,Processed,2020-10-12T01:35:15+00:00,2020-10-12T12:07:55+00:00
cZP2ol_tujM,42000,Entertainment,,UCUQkPM6zQzIs0B6HiSlXbwg,,,,,,,,,,,,,,,,,,,,,,,,,,,,,,,,,,inspired by ACIM lesson 59 (41 review),Private,Processed,2020-10-12T23:17:52+00:00,
BhtOsl9eB1g,374000,Entertainment,"Thanks Levi C Trnka for your time and saxophone skills, brother. Peace, strength, & compassion to you always.

I am humbled 
I am broke
I gave myself away
by mirror and by smoke
gospel man with feet of clay
I gave myself away

Mountains move beneath my hand
the earth and sky obey my every command
breathing underneath the waves
I gave myself away

Rise up
Rise up again
Deeper power
rising up from within

God is hot and God is cold
I felt the Spirit give me meek and give me bold
naked is the way I came
and so I give myself away",UCUQkPM6zQzIs0B6HiSlXbwg,,,,,,,,,,,,,,,,,,,,,,,,,,,,,,,,,,Give Myself Away -- Deeper Power -- Forgive Myself,Public,Processed,2020-10-13T05:11:11+00:00,2020-10-13T07:01:38+00:00
AgnQvaTMxb0,237000,Entertainment,,UCUQkPM6zQzIs0B6HiSlXbwg,,,,,,,,,,,,,,,,,,,,,,,,,,,,,,,,,,I Am (Not This Man Who Suffers),Public,Processed,2020-10-13T06:58:57+00:00,2020-10-19T04:00:02+00:00
TLw59JiBycw,311000,Entertainment,"I am saying ""yes"" to the Spirit of Love which asks me to forgive myself and all those that I have once labeled as ""other"" than myself. I acknowledge that we are all One. And in this radical practice of forgiveness I am set free. I am no longer obligated to believe in the illusion of separateness, isolation, and alienation. I am re-membered. My innocence is restored as I realize that I was never alone. 

This world is not nearly as solid as we thought it was, and we are not obligated to act as if it were. I am one with my brothers and sisters and I am free to forgive those projections of myself that I see in the ""other"". Finally,  I get to trust in the strength of a deeper power, a greater love than the little ""i"" (ego) could ever pretend to be.",UCUQkPM6zQzIs0B6HiSlXbwg,,,,,,,,,,,,,,,,,,,,,,,,,,,,,,,,,,Reciprocity (returning to love through radical forgiveness),Public,Processed,2020-10-13T09:46:13+00:00,2020-10-13T10:06:31+00:00
Zf9avazWj8Y,351000,Entertainment,,UCUQkPM6zQzIs0B6HiSlXbwg,,,,,,,,,,,,,,,,,,,,,,,,,,,,,,,,,,Practice Diary (Slowing down and focusing on healing),Public,Processed,2020-10-13T12:18:45+00:00,2020-10-18T04:00:08+00:00
sQ9U8X9VDfs,256000,Entertainment,,UCUQkPM6zQzIs0B6HiSlXbwg,,,,,,,,,,,,,,,,,,,,,,,,,,,,,,,,,,Travelin' Travis -- Practice Diary (My prayer for you),Public,Processed,2020-10-13T13:01:26+00:00,2020-10-17T04:00:05+00:00
mENnc1INVr4,899000,Entertainment,,UCUQkPM6zQzIs0B6HiSlXbwg,,,,,,,,,,,,,,,,,,,,,,,,,,,,,,,,,,"Practice Diary (Power to the Children, Fathers be resurrected, contemplating homelessness)",Public,Processed,2020-10-13T17:12:24+00:00,2020-10-15T04:00:03+00:00
zpg9ehdfvjQ,1541000,Entertainment,,UCUQkPM6zQzIs0B6HiSlXbwg,,,,,,,,,,,,,,,,,,,,,,,,,,,,,,,,,,Practice Diary (Olivia),Public,Processed,2020-10-13T22:57:05+00:00,2020-10-16T04:00:14+00:00
 -IUHwwNbRIg,401000,Entertainment,"Travelin' Travis considers suffering. Who is it that is suffering? Who is observing the suffering? 

What is it like to develop an online personality while not buying in to the personality itself?  How do we live inside this subjective experience while not being bound to it? 

After reading three different Enneagram books, I recommend this one: The Wisdom of the Enneagram by Richard Riso and Russ Hudson.",UCUQkPM6zQzIs0B6HiSlXbwg,,,,,,,,,,,,,,,,,,,,,,,,,,,,,,,,,,Travelin' Travis Searches for Authenticity (Episode #2),Public,Processed,2020-10-14T04:31:27+00:00,2020-10-16T04:00:00+00:00
3Djr60x9wbg,1075000,Entertainment,,UCUQkPM6zQzIs0B6HiSlXbwg,,,,,,,,,,,,,,,,,,,,,,,,,,,,,,,,,,Travelin Travis #1,Public,Processed,2020-10-14T06:01:44+00:00,2020-10-21T04:00:00+00:00
aJdGTutd068,210000,Entertainment,"Promises Dear:

Attachment to my self-centered ego became so great that my marriage was only an ailing imitation of true Love. I was encumbered by the image of the person that I was trying to be for my wife. Trying to be a good husband was something that I did in order to relieve my own guilt and shame. This was obviously a poor motive for service, and not at all Love. It was dishonest, yet I was helpless to change myself.

We both went to years of therapy. We went to marriage counseling together for two years. We were both doing the work, but it seemed that the more work we did on ourselves, the worse things got. I felt that I would literally die without her approval. I felt that giving up on our relationship would be the same as giving up on myself. 

For years I continued my attempts to ""behave"" my way into a loving relationship. But with my focus on my own inadequacies, I was unable to allow true love to flow from within. I did not know how to cease my own people-pleasing tendencies. I found it impossible for me to be an equal partner in a loving relationship. No matter what I tried, I was unable to connect with my true nature. 

I was the weak one in a codependent marriage. We had an unspoken agreement that our relationship would work this way. I was weak. She was strong. It is how our relationship worked, and we were unable to fix it. I believe that it was unconscious on both our parts, a leftover from unforgiven traumatic events in our lives. 

I wrote this song many years ago. I could not understand what it meant until today. I could feel its depth. I knew that it held some kind of truth, but I could not grasp it.

Maybe the song speaks on a universal level too. We seem to be bound by our attachment to the impossible ""promises"" that we make to those ""others"" in our world. In some of our relationships, our promises take the form of something that masquerades as ""love."" In other relationships we have no choice but to hate those who we cannot understand, but these are promises nonetheless.

We demonize those ""others"" that we cannot understand. We vow to never be like them. Or, we give ourselves away in unhealthy ways to the people in our lives whose ""love"" we need so desperately. Instead of truly accepting one another as we are, we demand that the ""other"" behave according to our own standards. I have lived my life by these unspoken promises.

When I left our marriage I had hoped that I would walk off into a happily-ever-after, finally being free from the situation that I perceived was destroying me. However, that's not how it worked. After a short period of bliss I was immediately faced with my own unconscious unforgiveness.

The choice that I made to leave my marriage was the only way that I understood how to choose life for myself. Today, I am in the process of forgiving myself absolutely and unconditionally. This forgiveness process asks that I also forgive everyone and everything absolutely and unconditionally. This is the gift of awakening to the deepest Love that I have ever known. It is this Love that is allowing me to truly face in myself what I could not face before. 

Moment by moment, I am surrendering to a Source that is deeper than my shallow ego. Today I understand that I am not this shallow self that I was so attached to for so long. My true nature flows from an infinite depth of pure light and absolute innocence. It is through a relationship with this pure light and Love that I am able to stand in this world today. 

So much of who I thought I was, I am not. Because of my unwillingness to surrender to true Love, I have caused much suffering for myself and those people who have been closest to me. 

Life has handed me my ass, friends. But, today I am peering into the infinite Love of God. I wish you all the most speedy of journeys home to your center, my friends. I give thanks for your presence in my life. You are my teachers, even when you are mirroring back to me my own judgmental projections.

I wish you all the best. Yes, every single one of you. You are Light. You are Love.",UCUQkPM6zQzIs0B6HiSlXbwg,,,,,,,,,,,,,,,,,,,,,,,,,,,,,,,,,,"Promises, Dear",Public,Processed,2020-10-14T19:48:33+00:00,2020-10-14T20:57:35+00:00
vga-FL0ELPg,481000,Music,,UCUQkPM6zQzIs0B6HiSlXbwg,,,,,,,,,,,,,,,,,,,,,,,,,,,,,,,,,,Disappearance of the Universe,Public,Processed,2020-10-16T03:47:08+00:00,2020-10-16T04:22:26+00:00
A60y4hx0wzU,1672000,Education,,UCUQkPM6zQzIs0B6HiSlXbwg,,,,,,,,,,,,,,,,,,,,,,,,,,,,,,,,,,"Form, Physics, and Forgiveness",Public,Processed,2020-10-19T14:48:03+00:00,2020-10-20T10:00:06+00:00
x20duB3U7n8,287000,Music,"Tikkun Olam is a concept in Judaism which I currently understand as the potential to heal the world.

The spoken voice you hear periodically throughout this recording belongs to Keith Wilks, author of Addiction and the Pulpit: Living a Double Life. I met Keith as he served as pastor at the First United Methodist Church in Portales, New Mexico. I am immensely grateful to have worked with him.

I made this video to remind myself of some of the voices that have taught me along the way. They appear in this order in the video.

Mahatma Gandhi, Nelson Mandela, Martin Luther King Jr, Paramahansa Yogananda, Krishnamurti, Bill Wilson, Alan Watts, Dalai Lama, Thic Nhat Hanh, Pema Chodron, Sadhguru, Mooji, Bill Plotkin, Deepak Chopra, Eckhardt Tolle, Charles Eisenstein, Bayo Akomolafe, Sue Monk Kidd, Bell Hooks, Barbara Kingsolver, Daniel Berrigan, Richard Rohr, Thomas Keating, Zalman Schachter, Helen Schucman, Gary Renard, Fred Rogers, Joseph Campbell, Charles Darwin, Carl Jung, Teilhard de Chardin, Thomas Berry, Barbara Marx Hubbard, Brian Swimme, John Coltrane, James Taylor, David Wilcox, Chris Thile, Julian Lage, Mike Love, Victor Wooten, Andrew Bird",UCUQkPM6zQzIs0B6HiSlXbwg,,,,,,,,,,,,,,,,,,,,,,,,,,,,,,,,,,Tikkun Olam,Public,Processed,2020-10-19T16:49:20+00:00,2020-11-09T17:00:30+00:00
RiDW6QTHRNI,168000,Music,,UCUQkPM6zQzIs0B6HiSlXbwg,,,,,,,,,,,,,,,,,,,,,,,,,,,,,,,,,,Lost in Your Love,Public,Processed,2020-10-19T22:00:10+00:00,2020-10-26T12:05:00+00:00
0YWzI7AQP3k,137000,Music,,UCUQkPM6zQzIs0B6HiSlXbwg,,,,,,,,,,,,,,,,,,,,,,,,,,,,,,,,,,Lithium Blues,Public,Processed,2020-10-20T01:14:30+00:00,2020-10-27T16:00:00+00:00
ksKFVONuDWA,143000,Music,,UCUQkPM6zQzIs0B6HiSlXbwg,,,,,,,,,,,,,,,,,,,,,,,,,,,,,,,,,,4 til 11,Public,Processed,2020-10-20T01:36:17+00:00,2020-11-05T17:00:10+00:00
eg-seqZN4tI,155000,Music,,UCUQkPM6zQzIs0B6HiSlXbwg,,,,,,,,,,,,,,,,,,,,,,,,,,,,,,,,,,Abducted,Public,Processed,2020-10-20T02:55:11+00:00,2020-11-10T17:00:23+00:00
DDbRcRAM21c,114000,Music,Matthew Hope wrote this chord progression. I wrote the lyrics and made this recording.,UCUQkPM6zQzIs0B6HiSlXbwg,,,,,,,,,,,,,,,,,,,,,,,,,,,,,,,,,,New Hope,Public,Processed,2020-10-20T04:11:55+00:00,2020-10-28T16:00:08+00:00
PV0LD9yBnV0,179000,Music,,UCUQkPM6zQzIs0B6HiSlXbwg,,,,,,,,,,,,,,,,,,,,,,,,,,,,,,,,,,Ain't a Rockstar,Public,Processed,2020-10-20T04:39:23+00:00,2020-10-29T16:00:10+00:00
U6W2aKvkTFM,383000,Music,"Jerome Kern, Oscar Hammerstein 1939",UCUQkPM6zQzIs0B6HiSlXbwg,,,,,,,,,,,,,,,,,,,,,,,,,,,,,,,,,,All the Things You Are,Public,Processed,2020-10-20T04:58:32+00:00,2020-11-30T05:00:06+00:00
JqRT5O35aAY,114000,Music,,UCUQkPM6zQzIs0B6HiSlXbwg,,,,,,,,,,,,,,,,,,,,,,,,,,,,,,,,,,Boob Job,Unlisted,Processed,2020-10-20T05:33:04+00:00,2020-10-31T16:00:03+00:00
oOv28x8ehU0,120000,Music,,UCUQkPM6zQzIs0B6HiSlXbwg,,,,,,,,,,,,,,,,,,,,,,,,,,,,,,,,,,Tenfro,Public,Processed,2020-10-20T06:09:44+00:00,2020-11-01T16:00:16+00:00
1X2aPIOlqWI,158000,Music,"Take my by the hand and lead me to places where I would not go on my own. If I am to become who I want to be, I must go where I don't want to go. For when I was a young man, I went where I pleased, but now that I'm older my children lead me. Take me by the hand and lead me to places where I would not go on my own.",UCUQkPM6zQzIs0B6HiSlXbwg,,,,,,,,,,,,,,,,,,,,,,,,,,,,,,,,,,Take Me By the Hand,Public,Processed,2020-10-20T06:32:22+00:00,2020-11-02T05:00:01+00:00
fwFhb2GkALw,181000,Music,,UCUQkPM6zQzIs0B6HiSlXbwg,,,,,,,,,,,,,,,,,,,,,,,,,,,,,,,,,,How Many Times?,Public,Processed,2020-10-20T07:41:42+00:00,2020-11-03T17:00:30+00:00
C1O26ikY5lQ,176000,Music,,UCUQkPM6zQzIs0B6HiSlXbwg,,,,,,,,,,,,,,,,,,,,,,,,,,,,,,,,,,Every Little Thing,Public,Processed,2020-10-20T09:14:35+00:00,2020-11-11T17:00:03+00:00
 -JKfKQ7y-Vc,231000,Education,,UCUQkPM6zQzIs0B6HiSlXbwg,,,,,,,,,,,,,,,,,,,,,,,,,,,,,,,,,,Winter's Icy Grace,Public,Processed,2020-10-22T12:31:37+00:00,2020-10-25T08:46:42+00:00
VxGZbHOwLn4,55000,Education,,UCUQkPM6zQzIs0B6HiSlXbwg,,,,,,,,,,,,,,,,,,,,,,,,,,,,,,,,,,The Loom,Public,Processed,2020-10-22T13:32:37+00:00,2020-11-06T17:00:27+00:00
DPSqymB6e94,157000,Education,,UCUQkPM6zQzIs0B6HiSlXbwg,,,,,,,,,,,,,,,,,,,,,,,,,,,,,,,,,,Tiger Tiger Strawberry,Public,Processed,2020-10-22T17:13:05+00:00,2020-11-12T17:00:07+00:00
zkRRCE4qOdo,313000,Education,,UCUQkPM6zQzIs0B6HiSlXbwg,,,,,,,,,,,,,,,,,,,,,,,,,,,,,,,,,,The Pecos,Public,Processed,2020-10-22T18:22:04+00:00,2020-11-07T17:00:21+00:00
YYCKsKz80iw,161000,Education,,UCUQkPM6zQzIs0B6HiSlXbwg,,,,,,,,,,,,,,,,,,,,,,,,,,,,,,,,,,Roots to Sun,Public,Processed,2020-10-22T19:19:53+00:00,2020-11-08T17:00:08+00:00
UggAVsWecnM,278000,Education,,UCUQkPM6zQzIs0B6HiSlXbwg,,,,,,,,,,,,,,,,,,,,,,,,,,,,,,,,,,What We Can,Public,Processed,2020-10-22T20:27:20+00:00,2020-11-04T17:00:16+00:00
EXi1W9NGGvA,205000,Education,,UCUQkPM6zQzIs0B6HiSlXbwg,,,,,,,,,,,,,,,,,,,,,,,,,,,,,,,,,,Self Acceptance,Public,Processed,2020-10-22T21:03:33+00:00,2020-11-13T17:00:02+00:00
oKgDu_xjJ7w,46000,Education,,UCUQkPM6zQzIs0B6HiSlXbwg,,,,,,,,,,,,,,,,,,,,,,,,,,,,,,,,,,Plant A Tree,Public,Processed,2020-10-22T21:18:39+00:00,2020-11-14T17:00:19+00:00
JyMI5Wu6C9Y,161000,Education,,UCUQkPM6zQzIs0B6HiSlXbwg,,,,,,,,,,,,,,,,,,,,,,,,,,,,,,,,,,Lost More Than Found,Public,Processed,2020-10-22T21:25:15+00:00,2020-11-15T17:00:09+00:00
xGbD8Qd6Pho,133000,Education,,UCUQkPM6zQzIs0B6HiSlXbwg,,,,,,,,,,,,,,,,,,,,,,,,,,,,,,,,,,The Willing,Private,Processed,2020-10-22T21:35:05+00:00,2020-11-16T17:00:16+00:00
E6sLnDMbjaE,222000,Education,,UCUQkPM6zQzIs0B6HiSlXbwg,,,,,,,,,,,,,,,,,,,,,,,,,,,,,,,,,,Remembering Kim,Public,Processed,2020-10-22T21:43:50+00:00,2020-11-24T05:00:02+00:00
OVQGjNhu1IE,136000,Education,,UCUQkPM6zQzIs0B6HiSlXbwg,,,,,,,,,,,,,,,,,,,,,,,,,,,,,,,,,,The More I See You,Private,Processed,2020-10-22T21:53:50+00:00,2020-11-25T05:00:09+00:00
OxDJkZWKkjc,216000,Education,,UCUQkPM6zQzIs0B6HiSlXbwg,,,,,,,,,,,,,,,,,,,,,,,,,,,,,,,,,,Never Be the Same,Public,Processed,2020-10-22T21:59:15+00:00,2020-11-28T05:00:05+00:00
NQy2ZR-j2k4,145000,Education,,UCUQkPM6zQzIs0B6HiSlXbwg,,,,,,,,,,,,,,,,,,,,,,,,,,,,,,,,,,Nardis-- Miles Davis 1958,Public,Processed,2020-10-22T22:15:15+00:00,2020-11-27T05:00:03+00:00
G12QcVMzZWk,347000,Education,,UCUQkPM6zQzIs0B6HiSlXbwg,,,,,,,,,,,,,,,,,,,,,,,,,,,,,,,,,,Travelin Trav -- seeing through the Illusion of Separate-self--forgiveness,Public,Processed,2020-10-23T17:56:59+00:00,2020-10-24T11:42:23+00:00
QM24s8TJxTc,1663000,Education,,UCUQkPM6zQzIs0B6HiSlXbwg,,,,,,,,,,,,,,,,,,,,,,,,,,,,,,,,,,Innocent Eyes,Public,Processed,2020-10-25T23:27:28+00:00,2020-10-26T12:16:55+00:00
y4xysVTMU0k,239000,Education,,UCUQkPM6zQzIs0B6HiSlXbwg,,,,,,,,,,,,,,,,,,,,,,,,,,,,,,,,,,Creating Clarity--the forgiveness process,Public,Processed,2020-10-26T14:40:51+00:00,2020-10-26T14:57:56+00:00
fdwLmLjLhVU,7000,Education,,UCUQkPM6zQzIs0B6HiSlXbwg,,,,,,,,,,,,,,,,,,,,,,,,,,,,,,,,,,caught another iguana for James!,Public,Processed,2020-10-26T20:34:49+00:00,2022-01-21T22:39:07+00:00
HcRCjuBFygY,300000,Education,,UCUQkPM6zQzIs0B6HiSlXbwg,,,,,,,,,,,,,,,,,,,,,,,,,,,,,,,,,,I Am the Way. I Am the Truth. I Am the Life. The Light has come in me!,Public,Processed,2020-10-27T11:42:10+00:00,2020-10-27T12:04:29+00:00
8Sl6hesHmN8,1558000,Education,,UCUQkPM6zQzIs0B6HiSlXbwg,,,,,,,,,,,,,,,,,,,,,,,,,,,,,,,,,,"The Moth, The Mountain, and the Middle Aged Man (Chapter 1)",Public,Processed,2020-10-29T19:19:59+00:00,2020-11-20T05:00:03+00:00
O9VnfHQ240I,782000,Education,,UCUQkPM6zQzIs0B6HiSlXbwg,,,,,,,,,,,,,,,,,,,,,,,,,,,,,,,,,,Forgiveness in the Park,Public,Processed,2020-10-30T09:31:41+00:00,2020-10-30T10:10:49+00:00
35GAqtEvIu4,110000,Education,,UCUQkPM6zQzIs0B6HiSlXbwg,,,,,,,,,,,,,,,,,,,,,,,,,,,,,,,,,,Cruise Control (Travis Erwin),Public,Processed,2020-10-31T09:23:21+00:00,2020-10-31T09:38:02+00:00
l00GmoOJ7RY,536000,Education,,UCUQkPM6zQzIs0B6HiSlXbwg,,,,,,,,,,,,,,,,,,,,,,,,,,,,,,,,,,The Great Un^Learning,Public,Processed,2020-11-01T09:29:24+00:00,2020-11-01T09:44:15+00:00
vTbwLBo0ea8,85000,Education,,UCUQkPM6zQzIs0B6HiSlXbwg,,,,,,,,,,,,,,,,,,,,,,,,,,,,,,,,,,John's song,Private,Processed,2020-11-01T12:37:59+00:00,
GE_7ZCQn52o,666000,Education,,UCUQkPM6zQzIs0B6HiSlXbwg,,,,,,,,,,,,,,,,,,,,,,,,,,,,,,,,,,"I Am, A Great Teacher",Public,Processed,2020-11-02T11:07:23+00:00,2020-11-02T15:08:39+00:00
EggxrGHuNL8,463000,Education,,UCUQkPM6zQzIs0B6HiSlXbwg,,,,,,,,,,,,,,,,,,,,,,,,,,,,,,,,,,The Name Before the Act,Public,Processed,2020-11-02T19:05:31+00:00,2020-11-03T05:24:44+00:00
uNrXk5LUmsg,766000,Education,"New technology has allowed us to document the last moments of this middle-aged-man's life. Watch as his ego struggles to save itself. Light shines into every corner, leaving the false-self nowhere to take refuge. Watch as this ""man"" discovers that he is actually not his body. Watch as he struggles with the uncertainty that allows the One True Being to emerge from the depths, the One who gently embraces and forgives those seemingly lost and broken fragmentations of this particular manifestation of consciousness. 

It is inevitable, my friend. We are all coming Home. In fact, we never left. And this is what the process looks like for this one man who was once so invested in his individual story. 

We are not separate. We are not alone. The illusion of separate-self is dissolving before our eyes. We have been set free, and we are setting ourselves free. We don't have to hide. There is nothing to be ashamed of. There is no problem here. 

There was only one problem, and that was the illusion of the individual-story, and that problem has already been solved. All the other problems are just symptoms of the one real problem that we made up for ourselves as we bought into the reality of all this that we think we see.

It's time to let all of that go now. It's time to release ourselves from that suffering by forgiving everything and every one against which we hold a resentment. Behind the illusion of every resentment is a miracle, and every miracle  helps us to experience a Love of infinite depth.

Can you feel your self suffering? Listen in deeply. You've gotten so used to it that you sometimes don't even know that it's there. But, it's that suffering that causes you to point your hateful illusory-finger at the projected image of the ""other"" whom you only imagine to be out there. It is this suffering that causes you to fill your body and mind with all types of unnecessary food and substances and entertainment. We are all desperately trying to escape a suffering caused by the false-world that we have created for ourselves. Do you feel it now? Don't we all know this suffering in our individual beings? 

I invite you today to release the illusion. I invite you to release yourself from the suffering by forgiving yourself and the world that you see. I invite you to come Home. 

You are Light. You are Love. You are safe. You are whole. There is no suffering that we have not created for ourselves, and there is no suffering that forgiveness cannot relieve. 

There is help for you. There is assistance in this process. This help comes from within. This help may sometimes appear to come from without (in a message like this), but this message is really just your true Self telling you what you already know. 

God is the help, and if you hate that word, guess what, that's okay! But, the first step may be to begin to release your resentments that you have built up around that word. The reasons that you have those resentments are all very good ones, but they are causing you suffering nonetheless.

There are no pledges of allegiance to take. You can come and go as you please. There are no threats of hell. Hell is only that which you create for yourself. There is no fear. 

God's judgment is absolute and unconditional forgiveness. You can say ""yes."" You can say ""no."" But our suffering will inevitably push us Home into the loving arms of the One, where we realize that suffering never was; it was all an invention of our minds.

I love you. I accept you. You are right where you need to be. There's no need to worry. The work is already done. We just get to participate now in the great Un-Learning. We get to let go of all that is holding us back. We get to let go of all that caused us so much pain. We get to let go of the hate. We get to realize ourselves as the Love that we truly are.

Welcome Home
The Beautiful Sunrise
The Beautiful Sunset
The Lion
The Lamb

Everything is Holy. You are forgiven.",UCUQkPM6zQzIs0B6HiSlXbwg,,,,,,,,,,,,,,,,,,,,,,,,,,,,,,,,,,Can we drop the pretense? Really. Is it possible?,Public,Processed,2020-11-06T10:36:07+00:00,2020-11-06T13:22:09+00:00
XbPhgWy_WGE,37000,Education,,UCUQkPM6zQzIs0B6HiSlXbwg,,,,,,,,,,,,,,,,,,,,,,,,,,,,,,,,,,Adam Lau Mon,Private,Processed,2020-11-06T22:58:17+00:00,2020-11-06T23:08:07+00:00
_6MeWdBj2Fc,352000,Education,,UCUQkPM6zQzIs0B6HiSlXbwg,,,,,,,,,,,,,,,,,,,,,,,,,,,,,,,,,,"Get a Job, Son!",Public,Processed,2020-11-08T11:50:55+00:00,2020-11-08T12:46:55+00:00
bOpzw-bDZW8,232000,Education,,UCUQkPM6zQzIs0B6HiSlXbwg,,,,,,,,,,,,,,,,,,,,,,,,,,,,,,,,,,"My Sweet, Crushed Angel (Hafiz)",Public,Processed,2020-11-09T14:30:55+00:00,2020-11-09T15:07:53+00:00
_PMSrVZAEZU,104000,Education,,UCUQkPM6zQzIs0B6HiSlXbwg,,,,,,,,,,,,,,,,,,,,,,,,,,,,,,,,,,"We are One, and we never left Home",Public,Processed,2020-11-09T15:21:19+00:00,2020-11-09T15:38:03+00:00
NkOL1Y5Vcbo,1684000,Education,,UCUQkPM6zQzIs0B6HiSlXbwg,,,,,,,,,,,,,,,,,,,,,,,,,,,,,,,,,,The Gospel of Christ,Public,Processed,2020-11-13T03:27:13+00:00,2020-11-13T03:58:43+00:00
sgtTuNjahk4,10000,Education,,UCUQkPM6zQzIs0B6HiSlXbwg,,,,,,,,,,,,,,,,,,,,,,,,,,,,,,,,,,It's cold as fuck in this kitchen,Private,Processed,2020-11-13T14:43:10+00:00,
6f6VfT8Lztc,700000,Education,,UCUQkPM6zQzIs0B6HiSlXbwg,,,,,,,,,,,,,,,,,,,,,,,,,,,,,,,,,,Mile High Forgiveness,Public,Processed,2020-11-13T15:37:29+00:00,2020-11-13T15:44:07+00:00
HyoMCbbhV08,738000,Education,,UCUQkPM6zQzIs0B6HiSlXbwg,,,,,,,,,,,,,,,,,,,,,,,,,,,,,,,,,,"Forgive (m)e, Forgive Your (s)elf",Public,Processed,2020-11-15T08:53:30+00:00,2020-11-15T09:01:38+00:00
 -vCGGcr3bW8,268000,Education,,UCUQkPM6zQzIs0B6HiSlXbwg,,,,,,,,,,,,,,,,,,,,,,,,,,,,,,,,,,The Observer,Public,Processed,2020-11-15T10:07:11+00:00,2020-11-15T10:10:09+00:00
ggovJIhtVvw,761000,Education,,UCUQkPM6zQzIs0B6HiSlXbwg,,,,,,,,,,,,,,,,,,,,,,,,,,,,,,,,,,After the Observer (forgiveness),Public,Processed,2020-11-15T10:24:12+00:00,2020-11-15T10:32:07+00:00
jpvmrryepFU,71000,Education,,UCUQkPM6zQzIs0B6HiSlXbwg,,,,,,,,,,,,,,,,,,,,,,,,,,,,,,,,,,Cock and Trigger Pull,Public,Processed,2020-11-16T19:02:09+00:00,2020-11-23T05:00:06+00:00
v3T3npleTAc,1229000,Education,,UCUQkPM6zQzIs0B6HiSlXbwg,,,,,,,,,,,,,,,,,,,,,,,,,,,,,,,,,,Virtual Reality (Ark Survival Evolved),Public,Processed,2020-11-16T19:24:36+00:00,2020-11-17T05:00:07+00:00
07H9MTORKhE,1400000,Education,,UCUQkPM6zQzIs0B6HiSlXbwg,,,,,,,,,,,,,,,,,,,,,,,,,,,,,,,,,,Thic Nhat Hanh (The Art of Power) Beginner's Mind,Public,Processed,2020-11-16T19:44:39+00:00,2020-11-18T05:00:00+00:00
rtZOxiYp-GQ,1031000,Education,"0:00 - Introduction
0:50 - The Ladder
1:57 - Finding refuge in forgiveness
3:10 - Resolving internal conflict
6:19 - Calling bullshit, forgiving bullshit
8:59 - The illusion of separate-self
11:30 - see through, forgive, resurrect
12:44 - Choosing forgiveness
14:39 - A new experience",UCUQkPM6zQzIs0B6HiSlXbwg,,,,,,,,,,,,,,,,,,,,,,,,,,,,,,,,,,"Calling BS, Forgiving BS",Public,Processed,2020-11-18T00:05:07+00:00,2020-11-19T05:00:06+00:00
EA3xGF0pa8E,620000,Education,,UCUQkPM6zQzIs0B6HiSlXbwg,,,,,,,,,,,,,,,,,,,,,,,,,,,,,,,,,,Migraine Meditation Healing Practice,Public,Processed,2020-11-18T00:19:20+00:00,2020-11-21T05:00:04+00:00
mWe7F_v1SJE,907000,Education,,UCUQkPM6zQzIs0B6HiSlXbwg,,,,,,,,,,,,,,,,,,,,,,,,,,,,,,,,,,Death of False-Self vs Suicide,Public,Processed,2020-11-18T16:34:05+00:00,2020-11-18T16:50:04+00:00
85coULbpv5c,1454000,Education,,UCUQkPM6zQzIs0B6HiSlXbwg,,,,,,,,,,,,,,,,,,,,,,,,,,,,,,,,,,"Twelve Steps (Alcoholism, AA, Alcoholics Anonymous, Addiction to self)",Public,Processed,2020-11-19T23:04:41+00:00,2020-11-22T05:00:02+00:00
STsaVglK-fU,312000,Education,,UCUQkPM6zQzIs0B6HiSlXbwg,,,,,,,,,,,,,,,,,,,,,,,,,,,,,,,,,,Celebrate Love,Public,Processed,2020-11-20T00:14:56+00:00,2020-12-01T04:17:19+00:00
eXTnTGe8v7o,46000,Music,,UCUQkPM6zQzIs0B6HiSlXbwg,,,,,,,,,,,,,,,,,,,,,,,,,,,,,,,,,,Something To Be?,Public,Processed,2020-11-20T00:16:42+00:00,2020-12-02T05:00:08+00:00
zYUcyU39Ptw,137000,Music,,UCUQkPM6zQzIs0B6HiSlXbwg,,,,,,,,,,,,,,,,,,,,,,,,,,,,,,,,,,Center Of Our Love,Public,Processed,2020-11-20T00:33:09+00:00,2020-12-03T05:00:11+00:00
o0RziRRqWHA,201000,Music,,UCUQkPM6zQzIs0B6HiSlXbwg,,,,,,,,,,,,,,,,,,,,,,,,,,,,,,,,,,East Blues,Public,Processed,2020-11-20T00:49:09+00:00,2020-12-04T05:00:10+00:00
wXyJ-qBt7qM,41000,Music,,UCUQkPM6zQzIs0B6HiSlXbwg,,,,,,,,,,,,,,,,,,,,,,,,,,,,,,,,,,Desert Swing,Public,Processed,2020-11-20T00:54:40+00:00,2020-12-05T05:00:27+00:00
ijMT6z422gk,169000,Music,,UCUQkPM6zQzIs0B6HiSlXbwg,,,,,,,,,,,,,,,,,,,,,,,,,,,,,,,,,,Caravan (Duke Ellington/Juan Tizol 1936),Public,Processed,2020-11-20T02:30:34+00:00,2020-12-06T01:00:10+00:00
0ykWbflmYhI,1273000,Education,,UCUQkPM6zQzIs0B6HiSlXbwg,,,,,,,,,,,,,,,,,,,,,,,,,,,,,,,,,,Morning Meditation ACIM,Public,Processed,2020-11-21T08:24:57+00:00,2020-11-21T08:33:56+00:00
7yEl71r6hfE,1168000,Education,,UCUQkPM6zQzIs0B6HiSlXbwg,,,,,,,,,,,,,,,,,,,,,,,,,,,,,,,,,,How to Choose a Spiritual Practice,Public,Processed,2020-11-21T09:08:55+00:00,2020-11-21T22:00:03+00:00
f8QvvcjlEic,1096000,Education,,UCUQkPM6zQzIs0B6HiSlXbwg,,,,,,,,,,,,,,,,,,,,,,,,,,,,,,,,,,Morning Meditation #2,Public,Processed,2020-11-22T13:33:11+00:00,2020-11-22T14:00:01+00:00
50FJw2BeAVs,1346000,Education,,UCUQkPM6zQzIs0B6HiSlXbwg,,,,,,,,,,,,,,,,,,,,,,,,,,,,,,,,,,"One Mind, Christ Mind, Buddha Mind, Source, Universal Mind, Cosmic Consciousness, God",Public,Processed,2020-11-22T14:44:53+00:00,2020-11-22T20:00:01+00:00





