Video ID,Approx Duration (ms),Video Category,Video Description (Original),Channel ID,Video Title (Original),Privacy,Video State,Video Create Timestamp,Video Publish Timestamp
Le9YjEVOa80,61000,Education,,UCUQkPM6zQzIs0B6HiSlXbwg,Inside This Tree,Public,Processed,2024-05-01T16:24:01+00:00,2024-05-01T16:24:27+00:00
NfcEL1mtHI4,28000,Education,,UCUQkPM6zQzIs0B6HiSlXbwg,Blessings,Public,Processed,2024-05-01T16:38:55+00:00,2024-05-08T16:37:59+00:00
5aGeJwhSYHE,152000,Education,,UCUQkPM6zQzIs0B6HiSlXbwg,Inside A Tree,Public,Processed,2024-05-01T17:17:48+00:00,2024-05-09T17:16:59+00:00
cCRmFSTjVME,439000,Education,,UCUQkPM6zQzIs0B6HiSlXbwg,TravelinStringCamp,Public,Processed,2024-05-01T18:41:44+00:00,2024-05-10T18:40:59+00:00
GY3BrW336LU,61000,Education,,UCUQkPM6zQzIs0B6HiSlXbwg,Are You Experienced?,Public,Processed,2024-05-01T18:51:57+00:00,2024-05-01T18:52:29+00:00
9AeLVKhcu44,267000,Education,,UCUQkPM6zQzIs0B6HiSlXbwg,TravelinStringCamp,Public,Processed,2024-05-01T23:51:40+00:00,2024-05-11T23:50:59+00:00
MQXcRmS5_6M,336000,Education,,UCUQkPM6zQzIs0B6HiSlXbwg,Honoring Ancestors,Public,Processed,2024-05-02T14:39:16+00:00,2024-05-02T14:40:29+00:00
yrwhPWpDZm0,61000,Education,,UCUQkPM6zQzIs0B6HiSlXbwg,Ancestral Gratitude: Elizabeth Cotten,Public,Processed,2024-05-02T14:57:34+00:00,2024-05-02T14:58:01+00:00
XRyQOFEaT6Y,448000,Education,,UCUQkPM6zQzIs0B6HiSlXbwg,Man Vs Bear,Public,Processed,2024-05-02T17:35:37+00:00,2024-05-02T17:37:30+00:00
5pB7pxKwgis,61000,Education,,UCUQkPM6zQzIs0B6HiSlXbwg,Man Vs Bear,Public,Processed,2024-05-02T17:46:01+00:00,2024-05-02T17:46:27+00:00
wTVOGvJ20SY,21000,Education,,UCUQkPM6zQzIs0B6HiSlXbwg,If Then What?,Public,Processed,2024-05-03T11:46:27+00:00,2024-05-03T11:46:43+00:00
1JtrWP2alVo,418000,Education,,UCUQkPM6zQzIs0B6HiSlXbwg,Metaphysical Therapist?,Public,Processed,2024-05-04T15:38:53+00:00,2024-05-04T16:33:20+00:00
Mfdw-7rhVnE,467000,Education,,UCUQkPM6zQzIs0B6HiSlXbwg,Free Mumia: Set Yourself Free | Peace & Love from Death Row,Public,Processed,2024-05-05T15:56:02+00:00,2024-05-14T15:54:59+00:00
KhUCrejgjH8,251000,Education,,UCUQkPM6zQzIs0B6HiSlXbwg,TravelinStringCamp: SidewalkChalk,Public,Processed,2024-05-07T02:27:21+00:00,2024-05-17T02:26:59+00:00
crc00oGpnR0,501000,Education,,UCUQkPM6zQzIs0B6HiSlXbwg,Ain’t Nobody Ever Gonna Love Me The Way You Did,Public,Processed,2024-05-07T14:53:19+00:00,2024-05-17T14:53:06+00:00
xgOjSkCdmpk,240000,Education,,UCUQkPM6zQzIs0B6HiSlXbwg,The Christ Message,Public,Processed,2024-05-07T15:59:47+00:00,2024-05-18T15:58:59+00:00
ZN4e3TsdVBE,68000,Education,,UCUQkPM6zQzIs0B6HiSlXbwg,It Ain’t what you do it’s how you do it,Public,Processed,2024-05-07T17:59:09+00:00,2024-05-19T17:58:59+00:00
ca1xK4VN2bo,61000,Education,,UCUQkPM6zQzIs0B6HiSlXbwg,That’s what gets results,Public,Processed,2024-05-07T18:01:43+00:00,2024-05-07T18:03:31+00:00
EFOkMECKYoA,313000,Education,,UCUQkPM6zQzIs0B6HiSlXbwg,TravelinStringCamp,Public,Processed,2024-05-07T23:22:57+00:00,2024-05-20T23:21:59+00:00
O9cOOUM5YwE,547000,Education,,UCUQkPM6zQzIs0B6HiSlXbwg,WorthFightingFor,Public,Processed,2024-05-08T20:26:59+00:00,2024-05-21T20:25:59+00:00
CgLzq9ko0_8,220000,Education,,UCUQkPM6zQzIs0B6HiSlXbwg,"TravelinStringCamp: Musical Conversation, Improvisation",Public,Processed,2024-05-09T15:12:04+00:00,2024-05-22T15:10:59+00:00
bsNGO4xlqjI,378000,Education,,UCUQkPM6zQzIs0B6HiSlXbwg,A Boy Named Eli,Public,Processed,2024-05-09T19:15:19+00:00,2024-05-23T19:14:59+00:00
i4dmbNcfxSg,61000,Education,,UCUQkPM6zQzIs0B6HiSlXbwg,A Boy Named Eli,Public,Processed,2024-05-09T21:25:19+00:00,2024-05-09T21:26:04+00:00
5ywbfHsb67M,412000,Education,,UCUQkPM6zQzIs0B6HiSlXbwg,Eye of the Hurricane,Public,Processed,2024-05-10T04:11:58+00:00,2024-05-25T04:10:59+00:00
BHChP0FQzOo,153000,Education,,UCUQkPM6zQzIs0B6HiSlXbwg,New Mexico,Public,Processed,2024-05-10T04:35:07+00:00,2024-05-26T04:33:59+00:00
6hfmq5WBtbc,61000,Education,,UCUQkPM6zQzIs0B6HiSlXbwg,WorthFightingFor,Public,Processed,2024-05-10T13:05:30+00:00,2024-05-10T13:05:47+00:00
7dqNUgxDz9I,61000,Education,,UCUQkPM6zQzIs0B6HiSlXbwg,Writing A Musical,Public,Processed,2024-05-10T14:03:06+00:00,2024-05-10T14:03:40+00:00
7Afm-MXECyQ,60000,Education,,UCUQkPM6zQzIs0B6HiSlXbwg,The Making of A Musical,Public,Processed,2024-05-10T14:43:31+00:00,2024-05-10T14:44:14+00:00
mePvD1CWljI,652000,Education,,UCUQkPM6zQzIs0B6HiSlXbwg,Mutual Reverence & For the Record,Public,Processed,2024-05-10T22:39:29+00:00,2024-05-26T22:38:59+00:00
2sNRTvJcMGo,56000,Education,,UCUQkPM6zQzIs0B6HiSlXbwg,Gitar Pickin’,Public,Processed,2024-05-11T02:04:24+00:00,2024-05-11T02:04:42+00:00
d2fZjhsvZjs,59000,Education,,UCUQkPM6zQzIs0B6HiSlXbwg,Get Back Up!,Public,Processed,2024-05-11T02:27:04+00:00,2024-05-11T02:27:41+00:00
B1EIuhDgQHY,61000,Education,,UCUQkPM6zQzIs0B6HiSlXbwg,Jazz Standards,Public,Processed,2024-05-11T02:33:38+00:00,2024-05-11T02:34:07+00:00
lLqN_KRuY2I,4696000,Education,,UCUQkPM6zQzIs0B6HiSlXbwg,TravelinTrav (Travis Erwin) is live!,Private,Processed,2024-05-11T02:40:07+00:00,
GwL3XbjB41M,268000,Education,,UCUQkPM6zQzIs0B6HiSlXbwg,Never Fails,Public,Processed,2024-05-11T04:37:48+00:00,2024-05-30T04:36:59+00:00
TsJ8GeEnKh4,61000,Education,,UCUQkPM6zQzIs0B6HiSlXbwg,Love Never Fails,Public,Processed,2024-05-11T15:07:10+00:00,2024-05-11T15:07:34+00:00
seFJ2AdVPAA,61000,Education,,UCUQkPM6zQzIs0B6HiSlXbwg,Simple Guitar,Public,Processed,2024-05-11T15:54:17+00:00,2024-05-11T15:54:56+00:00
LsH8TIHeJ6U,2056000,Education,,UCUQkPM6zQzIs0B6HiSlXbwg,TravelinTrav (Travis Erwin) is live!,Public,Processed,2024-05-11T16:01:37+00:00,2024-05-12T04:40:15+00:00
nfF4Sy7s9P4,12000,Education,,UCUQkPM6zQzIs0B6HiSlXbwg,FingerPicking ii V7 i,Public,Processed,2024-05-11T19:40:11+00:00,2024-05-11T19:40:28+00:00
4caicJPLbnU,325000,Education,,UCUQkPM6zQzIs0B6HiSlXbwg,"NewMexico, Dairy Cow Flys, & Miller Moths",Public,Processed,2024-05-11T22:08:24+00:00,2024-05-27T22:07:59+00:00
IO0EqXGbMNA,60000,Education,,UCUQkPM6zQzIs0B6HiSlXbwg,TravelinTrav,Public,Processed,2024-05-11T22:37:17+00:00,2024-05-11T22:38:05+00:00
KVcBnarWJng,61000,Education,,UCUQkPM6zQzIs0B6HiSlXbwg,EmotionalMusic,Public,Processed,2024-05-11T22:48:35+00:00,2024-05-11T22:49:13+00:00
Df5dBkdxQNo,195000,Education,,UCUQkPM6zQzIs0B6HiSlXbwg,HALT,Public,Processed,2024-05-12T00:04:59+00:00,2024-05-29T00:03:59+00:00
hWMkfEKtw6s,61000,Education,,UCUQkPM6zQzIs0B6HiSlXbwg,Dorian | Cool Minor | Raised 6 | min Maj7,Public,Processed,2024-05-12T02:34:56+00:00,2024-05-12T02:35:29+00:00
xNIeoKb4PY4,5546000,Education,,UCUQkPM6zQzIs0B6HiSlXbwg,TravelinTrav (Travis Erwin) is live!,Public,Processed,2024-05-12T03:47:31+00:00,2024-06-07T06:00:35+00:00
y1K_wzIjYbw,59000,Education,,UCUQkPM6zQzIs0B6HiSlXbwg,Thanks for tuning in!,Public,Processed,2024-05-12T05:23:47+00:00,2024-05-12T05:24:18+00:00
iqLrNlw0-pY,61000,Education,,UCUQkPM6zQzIs0B6HiSlXbwg,"1932, Brother Can You Spare a Dime?",Public,Processed,2024-05-12T15:36:03+00:00,2024-05-12T15:36:48+00:00
_LslQTEpwmQ,61000,Education,,UCUQkPM6zQzIs0B6HiSlXbwg,um-chet,Public,Processed,2024-05-12T17:20:35+00:00,2024-05-12T17:21:17+00:00
UCv58CrJk0o,459000,Education,"#musictheatre, #musicals, #staciGray",UCUQkPM6zQzIs0B6HiSlXbwg,Happy Mother’s Day: A musical Upbringing,Public,Processed,2024-05-12T18:35:32+00:00,2024-05-12T18:42:29+00:00
hg5gRnFHDIE,61000,Education,,UCUQkPM6zQzIs0B6HiSlXbwg,Happy Mother’s Day,Public,Processed,2024-05-12T20:06:59+00:00,2024-05-12T20:07:39+00:00
tGdOT_gROVo,60000,Education,,UCUQkPM6zQzIs0B6HiSlXbwg,TravelinTrav,Public,Processed,2024-05-12T20:14:09+00:00,2024-05-12T20:14:49+00:00
g1eWobRZEOI,293000,Education,,UCUQkPM6zQzIs0B6HiSlXbwg,"Music As Play, TravelinStringCamp",Public,Processed,2024-05-12T21:56:47+00:00,2024-05-31T21:55:59+00:00
71wCMfVyL80,61000,Education,,UCUQkPM6zQzIs0B6HiSlXbwg,Music As Play,Public,Processed,2024-05-12T22:17:56+00:00,2024-05-12T22:18:29+00:00
uS-f97gpyEY,61000,Education,,UCUQkPM6zQzIs0B6HiSlXbwg,TransRationalBlues,Public,Processed,2024-05-12T22:33:35+00:00,2024-05-12T22:34:21+00:00
dvahdEKYKu4,253000,Education,,UCUQkPM6zQzIs0B6HiSlXbwg,TravelinStringCamp: DeeperPower DeeperLove,Public,Processed,2024-05-12T23:35:46+00:00,2024-06-02T23:34:59+00:00
LA7O_3bzIMI,61000,Education,,UCUQkPM6zQzIs0B6HiSlXbwg,Deeper Power,Public,Processed,2024-05-12T23:46:06+00:00,2024-05-12T23:46:44+00:00
bnt_tDvpdL8,61000,Education,,UCUQkPM6zQzIs0B6HiSlXbwg,Guitar Lessons,Public,Processed,2024-05-12T23:53:22+00:00,2024-05-12T23:54:06+00:00
m5Jtk6dR9-E,569000,Education,,UCUQkPM6zQzIs0B6HiSlXbwg,Jimi Hendrix & Empiricism: Are You experienced?,Public,Processed,2024-05-14T12:52:56+00:00,2024-05-30T12:51:59+00:00
jWvdMWLRCOo,624000,Education,,UCUQkPM6zQzIs0B6HiSlXbwg,TransRationalBlues,Public,Processed,2024-05-14T19:02:51+00:00,2024-06-06T13:00:06+00:00
hVf7JihheXo,307000,Education,,UCUQkPM6zQzIs0B6HiSlXbwg,Brother Jack: War is Hell,Public,Processed,2024-05-15T14:43:48+00:00,2024-05-15T14:47:33+00:00
fznU3M3BAUE,215000,Education,,UCUQkPM6zQzIs0B6HiSlXbwg,Rucker Brothers: Medieval UnFair,Public,Processed,2024-05-15T15:15:26+00:00,2024-05-16T15:13:59+00:00
jy87XX248iQ,221000,Education,,UCUQkPM6zQzIs0B6HiSlXbwg,Rucker Brothers: New Mexico,Public,Processed,2024-05-15T17:25:11+00:00,2024-05-17T17:24:59+00:00
ptDfDsZ-F20,306000,Education,,UCUQkPM6zQzIs0B6HiSlXbwg,"Flowers on their Graves | Oklahoma City Bombing | April 19, 1995, The Rucker Brothers,",Public,Processed,2024-05-15T20:24:50+00:00,2024-05-18T20:23:59+00:00
U2uoSKje8Wc,189000,Education,,UCUQkPM6zQzIs0B6HiSlXbwg,"Cruise Control: Rucker Brothers, Portales NM, Uncle Mike’s",Public,Processed,2024-05-15T21:11:23+00:00,2024-05-19T21:10:59+00:00
fEuqk8bIe5g,447000,Education,,UCUQkPM6zQzIs0B6HiSlXbwg,"Boomtec Ambio, Hipslingers, & Desert Flames",Public,Processed,2024-05-16T19:11:05+00:00,2024-05-17T19:24:50+00:00
 -P7lpYp6AM0,447000,Education,,UCUQkPM6zQzIs0B6HiSlXbwg,"Boomtec Ambio, Hipslingers, Desert Flames",Public,Processed,2024-05-16T19:39:49+00:00,2024-05-16T20:11:58+00:00
Qjv8rVMbRMo,168000,Education,,UCUQkPM6zQzIs0B6HiSlXbwg,Tonight Only: The TransRationalBluesReview,Public,Processed,2024-05-17T18:34:15+00:00,2024-05-17T18:35:49+00:00
ip04423mf1U,507000,Education,,UCUQkPM6zQzIs0B6HiSlXbwg,Trigger Warnings,Public,Processed,2024-05-20T23:52:40+00:00,2024-06-08T23:51:59+00:00
ie9bRFXqRkk,726000,Education,,UCUQkPM6zQzIs0B6HiSlXbwg,Trigger Warnings: TransRationalBlues,Public,Processed,2024-05-21T17:20:26+00:00,2024-06-08T17:19:59+00:00
VecqFL5jtVo,202000,Education,My cover of Working Class Hero,UCUQkPM6zQzIs0B6HiSlXbwg,Working Class Hero: John Lennon Cover,Public,Processed,2024-05-21T20:33:35+00:00,2024-06-07T20:32:59+00:00
RwFw0uAf4KU,61000,Education,,UCUQkPM6zQzIs0B6HiSlXbwg,Trigger Warning part 1,Public,Processed,2024-05-21T21:04:08+00:00,2024-05-21T21:04:52+00:00
Nod13hAJ1aU,61000,Education,,UCUQkPM6zQzIs0B6HiSlXbwg,Trigger Warning part 2,Public,Processed,2024-05-21T21:35:50+00:00,2024-05-21T21:37:08+00:00
2GpXZpgKmvg,61000,Education,,UCUQkPM6zQzIs0B6HiSlXbwg,TriggerWarning part 3,Public,Processed,2024-05-22T00:24:10+00:00,2024-05-22T00:25:09+00:00
3IfJqZUdlC4,781000,Education,,UCUQkPM6zQzIs0B6HiSlXbwg,Blessings & Boundaries,Public,Processed,2024-05-22T22:33:10+00:00,2024-06-09T22:32:59+00:00
7HArx1lSsNk,477000,Education,,UCUQkPM6zQzIs0B6HiSlXbwg,TravelinStringCamp,Public,Processed,2024-05-23T05:44:44+00:00,2024-06-12T05:42:59+00:00
RC8bpedgcHI,379000,Education,,UCUQkPM6zQzIs0B6HiSlXbwg,Making French Toast,Public,Processed,2024-05-23T18:18:56+00:00,2024-06-12T18:16:59+00:00
GjkFcM2nXA0,61000,Education,,UCUQkPM6zQzIs0B6HiSlXbwg,Making French Toast part 1,Public,Processed,2024-05-23T18:38:02+00:00,2024-05-23T18:39:18+00:00
9W60vfn2Zfs,200000,Education,,UCUQkPM6zQzIs0B6HiSlXbwg,Blackbird,Public,Processed,2024-05-23T19:33:29+00:00,2024-06-13T19:32:59+00:00
eX_RekCcMFQ,61000,Education,,UCUQkPM6zQzIs0B6HiSlXbwg,Making French Toast part 2,Public,Processed,2024-05-23T19:43:53+00:00,2024-05-23T19:45:35+00:00
SFwQ8U5yWJM,61000,Education,,UCUQkPM6zQzIs0B6HiSlXbwg,Making French Toast part 3,Public,Processed,2024-05-23T20:26:47+00:00,2024-05-23T20:27:55+00:00
HU7YiBezqP4,906000,Education,,UCUQkPM6zQzIs0B6HiSlXbwg,"Cutting Heads, Domestic Violence, & Dufresne’s Tunnel",Public,Processed,2024-05-24T18:18:32+00:00,2024-06-14T18:17:59+00:00
vtVk9vZ9ctY,61000,Education,,UCUQkPM6zQzIs0B6HiSlXbwg,Working With Witches,Public,Processed,2024-05-24T18:38:01+00:00,2024-05-24T18:38:37+00:00
3SETcZcBfTE,61000,Education,,UCUQkPM6zQzIs0B6HiSlXbwg,Robert Johnson,Public,Processed,2024-05-24T21:13:56+00:00,2024-05-24T21:14:32+00:00
j29CRbR_AXg,61000,Education,,UCUQkPM6zQzIs0B6HiSlXbwg,"Cutting Heads, 27 Club, & Competition",Public,Processed,2024-05-25T13:36:57+00:00,2024-05-25T13:37:33+00:00
8QqqB0zuRS8,406000,Education,,UCUQkPM6zQzIs0B6HiSlXbwg,Travelin Trav is live!,Public,Processed,2024-05-25T13:46:33+00:00,2024-11-24T03:55:57+00:00
nnLl7gfRjA8,878000,Education,,UCUQkPM6zQzIs0B6HiSlXbwg,Theory,Public,Processed,2024-05-25T21:00:06+00:00,2024-06-15T20:59:59+00:00
cwaB0iddfcI,697000,Education,,UCUQkPM6zQzIs0B6HiSlXbwg,What We Do,Public,Processed,2024-05-25T21:55:39+00:00,2024-06-16T21:54:59+00:00
tdh4Obin5Jo,417000,Education,,UCUQkPM6zQzIs0B6HiSlXbwg,Musical Devotion,Public,Processed,2024-05-26T16:37:50+00:00,2024-06-05T06:00:20+00:00
L3ERjdwE6Fg,1102000,Education,,UCUQkPM6zQzIs0B6HiSlXbwg,Buddhism & The Blues,Public,Processed,2024-05-27T18:19:54+00:00,2024-06-04T18:18:59+00:00
8G_r6fD8avE,61000,Education,,UCUQkPM6zQzIs0B6HiSlXbwg,Buddhism & The Blues,Public,Processed,2024-05-27T19:59:45+00:00,2024-05-27T20:00:57+00:00
E2BBGLPja4E,61000,Education,,UCUQkPM6zQzIs0B6HiSlXbwg,"Love Me, Hate me, or…",Public,Processed,2024-05-28T19:33:29+00:00,2024-05-28T19:34:10+00:00
DIxhHRcExVU,61000,Education,,UCUQkPM6zQzIs0B6HiSlXbwg,self-deception,Public,Processed,2024-05-29T14:34:12+00:00,2024-05-29T14:34:56+00:00
IHZ-AlOwGHo,289000,Education,,UCUQkPM6zQzIs0B6HiSlXbwg,Update!,Public,Processed,2024-05-30T13:34:42+00:00,2024-05-30T13:48:52+00:00
WwtIeRcia08,805000,Education,,UCUQkPM6zQzIs0B6HiSlXbwg,Krishnamurti,Public,Processed,2024-05-31T14:42:59+00:00,2024-06-17T14:41:59+00:00
fiYqq4rE5LI,58000,Education,,UCUQkPM6zQzIs0B6HiSlXbwg,Practical Guidance & Esoteric Truth,Public,Processed,2024-05-31T15:56:50+00:00,2024-05-31T15:57:48+00:00
_aXbpCfXLkc,59000,Education,,UCUQkPM6zQzIs0B6HiSlXbwg,Curiosity,Public,Processed,2024-05-31T16:52:19+00:00,2024-05-31T16:53:16+00:00
9GRBd_4Qock,61000,Education,,UCUQkPM6zQzIs0B6HiSlXbwg,I Am that I Am,Public,Processed,2024-05-31T17:20:44+00:00,2024-05-31T18:19:59+00:00
nAZcs4Xy7NQ,923000,Education,,UCUQkPM6zQzIs0B6HiSlXbwg,Are you I Am?,Public,Processed,2024-06-02T05:56:59+00:00,2024-06-20T05:55:59+00:00
dI8t0OFZ4Ok,156000,Education,,UCUQkPM6zQzIs0B6HiSlXbwg,Rising Smoke,Public,Processed,2024-06-06T13:16:27+00:00,2024-06-06T13:17:07+00:00
qT2A8ITJCeI,959000,Education,,UCUQkPM6zQzIs0B6HiSlXbwg,Pecos Wilderness,Public,Processed,2024-06-07T21:55:31+00:00,2024-06-20T21:53:59+00:00
77gtDj60eTg,81000,Education,,UCUQkPM6zQzIs0B6HiSlXbwg,Bass Players,Public,Processed,2024-06-08T15:10:11+00:00,2024-06-21T15:09:59+00:00
LRiMD1kRxXI,778000,Education,,UCUQkPM6zQzIs0B6HiSlXbwg,Considering Being,Public,Processed,2024-06-09T13:58:51+00:00,2024-06-23T13:57:59+00:00
Vg_EYKAQIRU,249000,Education,,UCUQkPM6zQzIs0B6HiSlXbwg,Bruce Lee: Words of Wisdom,Public,Processed,2024-06-09T14:02:18+00:00,2024-06-24T14:01:59+00:00
3ddGHpbUm0I,552000,Education,,UCUQkPM6zQzIs0B6HiSlXbwg,"Trepans, Scientists, & Little White Mice",Public,Processed,2024-06-14T14:03:01+00:00,2024-06-26T14:01:59+00:00
3cOHtvracpM,489000,Education,,UCUQkPM6zQzIs0B6HiSlXbwg,Inflection Points: Eileen Workman,Public,Processed,2024-06-14T14:55:13+00:00,2024-06-25T14:54:59+00:00
fTn9E-RSQOU,211000,Education,,UCUQkPM6zQzIs0B6HiSlXbwg,The Light In You,Public,Processed,2024-06-21T17:42:48+00:00,2024-07-26T16:34:09+00:00
kt0KXOyObd0,362000,Education,,UCUQkPM6zQzIs0B6HiSlXbwg,TravelinTravMusic,Public,Processed,2024-06-30T13:15:39+00:00,2024-06-30T13:23:06+00:00
NBgKhzvVxmk,434000,Education,,UCUQkPM6zQzIs0B6HiSlXbwg,TransRationalBlues,Public,Processed,2024-06-30T18:49:59+00:00,2024-07-04T18:48:59+00:00
19wCQndWw_Q,496000,Education,,UCUQkPM6zQzIs0B6HiSlXbwg,TransRationalBlues: Slaying Dragons,Public,Processed,2024-07-05T13:46:29+00:00,2024-07-20T13:45:59+00:00
YZB42AJDW8Q,776000,Education,,UCUQkPM6zQzIs0B6HiSlXbwg,Love Becomes You,Public,Processed,2024-07-05T14:51:43+00:00,2024-07-17T14:50:59+00:00
aBtHV-HZaFw,505000,Education,,UCUQkPM6zQzIs0B6HiSlXbwg,TransRationalBlues: Eye of the Hurricane,Public,Processed,2024-07-12T17:53:55+00:00,2024-07-27T17:52:59+00:00
icA8T84f8Bs,113000,Education,,UCUQkPM6zQzIs0B6HiSlXbwg,"In a Dark Time, Theodore Roethke",Public,Processed,2024-07-12T23:53:20+00:00,2024-07-12T23:57:29+00:00
u8tiYRaheMI,341000,Education,,UCUQkPM6zQzIs0B6HiSlXbwg,Taking Responsibility in the Redwood Forest,Public,Processed,2024-07-17T15:11:33+00:00,2024-07-18T15:10:59+00:00
3UefQwZHlYQ,60000,Education,,UCUQkPM6zQzIs0B6HiSlXbwg,Mutual Reverence,Public,Processed,2024-07-19T17:14:25+00:00,2024-07-19T17:18:48+00:00
SJwvkqM65Gs,496000,Education,,UCUQkPM6zQzIs0B6HiSlXbwg,"TransRationalBlues: Crescent City, CA",Public,Processed,2024-07-20T00:54:47+00:00,2024-08-01T00:53:59+00:00
CiJr71x04Rs,504000,Education,,UCUQkPM6zQzIs0B6HiSlXbwg,Old Testament Prophet On Meth,Public,Processed,2024-07-21T08:19:54+00:00,2024-07-21T08:25:04+00:00
qiIzhBRTYRA,316000,Education,,UCUQkPM6zQzIs0B6HiSlXbwg,No Overnight Parking,Public,Processed,2024-07-26T15:17:45+00:00,2024-08-02T15:16:59+00:00
lPVYVhn--GI,390000,Education,,UCUQkPM6zQzIs0B6HiSlXbwg,TransRationalBlues: Audience Participation,Unlisted,Processed,2024-07-26T16:16:44+00:00,
B5sI1ZAF9eI,189000,Education,,UCUQkPM6zQzIs0B6HiSlXbwg,The Kingdom of Heaven,Public,Processed,2024-09-03T04:27:21+00:00,2024-09-03T04:50:08+00:00
aHykmF5GnwQ,243000,Education,,UCUQkPM6zQzIs0B6HiSlXbwg,TransRationalBlues: Bewildered in Anacortes,Public,Processed,2024-09-03T17:18:12+00:00,2024-09-03T18:14:28+00:00
6tdmkZc0q9k,27000,Education,,UCUQkPM6zQzIs0B6HiSlXbwg,L&tEoW,Public,Processed,2024-09-03T18:04:04+00:00,2024-09-03T18:13:57+00:00
 -ECHsmEK8iw,127000,Education,,UCUQkPM6zQzIs0B6HiSlXbwg,Pulse and Pentatonic,Public,Processed,2024-09-19T17:23:28+00:00,2024-09-19T17:26:06+00:00
9j7ySJqrrk4,477000,Education,,UCUQkPM6zQzIs0B6HiSlXbwg,L&tEoW: You Abide In We,Public,Processed,2024-09-23T07:48:52+00:00,2024-09-23T08:49:31+00:00
F6Hy4YvVKyg,317000,Education,,UCUQkPM6zQzIs0B6HiSlXbwg,L&tEoW: Its From Bits,Public,Processed,2024-09-23T15:54:47+00:00,2024-09-24T13:00:27+00:00
zSIlCuVxpDQ,533000,Education,,UCUQkPM6zQzIs0B6HiSlXbwg,L&tEoW: The Light In You,Public,Processed,2024-09-24T11:31:18+00:00,2024-10-01T13:01:11+00:00
jOhFL3L3wys,834000,Education,,UCUQkPM6zQzIs0B6HiSlXbwg,L&tEoW,Public,Processed,2024-09-24T22:42:48+00:00,2024-10-08T13:00:52+00:00
EvJnAUMRKhY,250000,Education,,UCUQkPM6zQzIs0B6HiSlXbwg,L&tEoW,Public,Processed,2024-09-25T01:57:54+00:00,2024-10-15T13:00:23+00:00
ts-PO9ogmb0,88000,Education,,UCUQkPM6zQzIs0B6HiSlXbwg,L&tEoW,Public,Processed,2024-09-25T02:37:41+00:00,2024-10-22T13:01:13+00:00
xai_2L4kh1I,164000,Education,,UCUQkPM6zQzIs0B6HiSlXbwg,I Will Not Doubt In Darkness,Public,Processed,2024-09-25T21:30:19+00:00,2024-09-28T13:01:09+00:00
shPiySaGKCA,226000,Education,,UCUQkPM6zQzIs0B6HiSlXbwg,Miracle Of Love (We All Came Here Together),Public,Processed,2024-09-25T22:09:28+00:00,2024-10-05T13:01:03+00:00
18iHX3bN814,300000,Education,,UCUQkPM6zQzIs0B6HiSlXbwg,L&tEoW: At the Crossroads,Public,Processed,2024-09-26T16:07:25+00:00,2024-10-12T13:00:01+00:00
72lEaDIB2R0,396000,Education,,UCUQkPM6zQzIs0B6HiSlXbwg,L&tEoW: NoSwayNoHow,Public,Processed,2024-09-27T00:45:08+00:00,2024-10-18T13:00:12+00:00
OJzdEsw4htA,931000,Education,,UCUQkPM6zQzIs0B6HiSlXbwg,L&tEoW: As You Wish,Public,Processed,2024-09-27T02:07:29+00:00,2024-10-16T13:00:28+00:00
0UY4jZcAyX8,796000,Education,,UCUQkPM6zQzIs0B6HiSlXbwg,True Nature,Public,Processed,2024-09-27T16:13:47+00:00,2024-10-25T13:00:01+00:00
R0DaQIvNr7I,137000,Education,,UCUQkPM6zQzIs0B6HiSlXbwg,L&tEoW: Song for Daughters,Public,Processed,2024-09-27T16:44:07+00:00,2024-09-27T17:05:31+00:00
p_T12WbouiU,994000,Education,,UCUQkPM6zQzIs0B6HiSlXbwg,Whale Point Beach,Public,Processed,2024-09-27T21:02:11+00:00,2024-10-28T13:00:59+00:00
ZdtzQiK8BNw,649000,Education,,UCUQkPM6zQzIs0B6HiSlXbwg,L&tEoW,Public,Processed,2024-09-28T19:43:28+00:00,2024-09-29T13:00:35+00:00
KvKuqfYRSHE,206000,Education,,UCUQkPM6zQzIs0B6HiSlXbwg,L&tEoW: Slow Moving River on the Banks of October,Public,Processed,2024-09-29T02:04:43+00:00,2024-10-03T12:59:59+00:00
xlHV790BTvA,308000,Education,,UCUQkPM6zQzIs0B6HiSlXbwg,L&tEoW: Conservatives and Liberals,Public,Processed,2024-09-30T18:27:20+00:00,2024-09-30T18:29:07+00:00
jx_NU3qy204,63000,Education,,UCUQkPM6zQzIs0B6HiSlXbwg,Constitutional Oaths,Public,Processed,2024-10-01T15:22:29+00:00,2024-10-01T15:23:00+00:00
ymojj62pLV8,61000,Education,,UCUQkPM6zQzIs0B6HiSlXbwg,The Death of Liberalism,Public,Processed,2024-10-01T15:25:28+00:00,2024-10-01T15:26:08+00:00
_bk4xzkSX3E,57000,Education,,UCUQkPM6zQzIs0B6HiSlXbwg,Spiritual Jiu Jitsu,Public,Processed,2024-10-01T15:51:06+00:00,2024-10-01T15:51:38+00:00
qmUKUuC0bgM,266000,Education,,UCUQkPM6zQzIs0B6HiSlXbwg,L&tEoW: Standing Up,Public,Processed,2024-10-01T17:21:11+00:00,2024-10-01T17:23:35+00:00
SdCY1rwgMNo,61000,Education,,UCUQkPM6zQzIs0B6HiSlXbwg,Omniscience Explained Simply,Public,Processed,2024-10-01T20:37:14+00:00,2024-10-01T20:37:45+00:00
TrnnrtXAZh4,61000,Education,,UCUQkPM6zQzIs0B6HiSlXbwg,Omniscience Explained Simply,Public,Processed,2024-10-01T20:41:06+00:00,2024-10-01T20:41:44+00:00
gAcIVlZMuF0,389000,Education,,UCUQkPM6zQzIs0B6HiSlXbwg,L&tEoW: Eye of the Hurricane,Public,Processed,2024-10-03T04:31:12+00:00,2024-10-03T04:32:39+00:00
7BOBcVCJRf4,462000,Education,,UCUQkPM6zQzIs0B6HiSlXbwg,L&tEoW: My Line of Work,Public,Processed,2024-10-03T04:53:05+00:00,2024-10-05T01:00:06+00:00
j8SElon-bW8,61000,Education,,UCUQkPM6zQzIs0B6HiSlXbwg,L&tEoW: My Line of Work,Public,Processed,2024-10-03T04:55:42+00:00,2024-10-03T04:56:17+00:00
yOoUN3vUoBc,234000,Education,,UCUQkPM6zQzIs0B6HiSlXbwg,TravelinTrav,Public,Processed,2024-10-03T06:23:53+00:00,2024-10-08T01:00:38+00:00
PLwRofU1tGg,61000,Education,,UCUQkPM6zQzIs0B6HiSlXbwg,TravelinTrav,Public,Processed,2024-10-03T06:25:15+00:00,2024-10-03T06:38:14+00:00
WItOCq2dreA,360000,Education,,UCUQkPM6zQzIs0B6HiSlXbwg,L&tEoW: Thank You,Public,Processed,2024-10-03T14:38:07+00:00,2024-10-03T14:39:53+00:00
GgwMuJViOas,399000,Education,,UCUQkPM6zQzIs0B6HiSlXbwg,L&tEoW: We Are Born Again,Public,Processed,2024-10-03T15:53:37+00:00,2024-10-03T15:55:17+00:00
LgX_HvOj0TI,204000,Education,,UCUQkPM6zQzIs0B6HiSlXbwg,L&tEoW: Left For Dead,Public,Processed,2024-10-03T16:22:26+00:00,2024-10-07T01:00:11+00:00
w_2ndVMjGbQ,552000,Education,,UCUQkPM6zQzIs0B6HiSlXbwg,"L&tEoW: St Augustine, James Baldwin, & The Enneagram",Public,Processed,2024-10-03T21:07:52+00:00,2024-10-14T13:01:10+00:00
TRY6VmvvXSI,337000,Education,,UCUQkPM6zQzIs0B6HiSlXbwg,L&tEoW: TransRationalBlues,Public,Processed,2024-10-03T22:38:00+00:00,2024-10-11T01:00:15+00:00
x9t37a9XwJo,257000,Education,,UCUQkPM6zQzIs0B6HiSlXbwg,L&tEoW: Holy Spirit,Public,Processed,2024-10-03T23:11:37+00:00,2024-10-12T01:00:39+00:00
ycH-yZT59XU,61000,Education,,UCUQkPM6zQzIs0B6HiSlXbwg,"James Baldwin, St. Augustine, & Confession",Public,Processed,2024-10-04T15:30:11+00:00,2024-10-04T15:30:37+00:00
WOI8g3lVDZ4,61000,Education,,UCUQkPM6zQzIs0B6HiSlXbwg,Man of Constant Sorrow,Public,Processed,2024-10-04T15:32:33+00:00,2024-10-04T16:30:12+00:00
CvdVt1ykJlA,61000,Education,,UCUQkPM6zQzIs0B6HiSlXbwg,Man of Constant Sorrow,Public,Processed,2024-10-04T15:35:05+00:00,2024-10-04T17:30:01+00:00
L7-I7vMd4MI,61000,Education,,UCUQkPM6zQzIs0B6HiSlXbwg,Man of Constant Sorrow,Public,Processed,2024-10-04T15:37:07+00:00,2024-10-04T18:30:15+00:00
3EJq47hdNsc,61000,Education,,UCUQkPM6zQzIs0B6HiSlXbwg,Dissolving Trauma Bonds,Public,Processed,2024-10-04T15:39:13+00:00,2024-10-04T19:30:00+00:00
FoawS1_F33Y,61000,Education,,UCUQkPM6zQzIs0B6HiSlXbwg,Life’s Work,Public,Processed,2024-10-04T20:31:09+00:00,2024-10-04T20:31:43+00:00
i1KLS3p9meY,60000,Education,,UCUQkPM6zQzIs0B6HiSlXbwg,ReComposing Our Sacred Text,Public,Processed,2024-10-05T13:18:34+00:00,2024-10-05T13:19:03+00:00
FtwbwF0_tbY,61000,Education,,UCUQkPM6zQzIs0B6HiSlXbwg,What Is Wrong With You? Foundational Questions,Public,Processed,2024-10-05T14:41:36+00:00,2024-10-05T14:43:30+00:00
TYZht93E0oI,61000,Education,,UCUQkPM6zQzIs0B6HiSlXbwg,Autobiographical Composition: Jason Breed,Public,Processed,2024-10-05T15:12:41+00:00,2024-10-05T15:13:13+00:00
KAkgE7PxuPA,61000,Education,,UCUQkPM6zQzIs0B6HiSlXbwg,"Jesus, Manifest Destiny, & Wetiko Spirit",Public,Processed,2024-10-05T16:14:22+00:00,2024-10-05T16:14:56+00:00
Yji8s0_LpTM,61000,Education,,UCUQkPM6zQzIs0B6HiSlXbwg,L&tEoW: First Things First,Public,Processed,2024-10-05T17:22:52+00:00,2024-10-05T17:23:32+00:00
uNibkxigD0g,60000,Education,,UCUQkPM6zQzIs0B6HiSlXbwg,Being Re-Membered with Jesus,Public,Processed,2024-10-05T18:32:09+00:00,2024-10-05T18:32:49+00:00
EtrBGpflMmA,59000,Education,,UCUQkPM6zQzIs0B6HiSlXbwg,"L&tEoW: I’m Prescient, Baby",Public,Processed,2024-10-05T19:16:30+00:00,2024-10-05T19:17:03+00:00
9xQ4V9mDp0c,61000,Education,,UCUQkPM6zQzIs0B6HiSlXbwg,L&tEoW: Christ Initiation,Public,Processed,2024-10-05T20:01:30+00:00,2024-10-05T20:02:11+00:00
0zW92Kuu86c,663000,Education,,UCUQkPM6zQzIs0B6HiSlXbwg,L&tEoW: First Things First,Public,Processed,2024-10-06T05:42:41+00:00,2024-10-14T01:00:01+00:00
OZU-1arg1jw,61000,Education,,UCUQkPM6zQzIs0B6HiSlXbwg,L&tEoW: First Things First,Public,Processed,2024-10-06T13:18:11+00:00,2024-10-06T14:58:46+00:00
qrKQOHCCgHo,60000,Education,,UCUQkPM6zQzIs0B6HiSlXbwg,L&tEoW: Jazz School,Public,Processed,2024-10-06T14:38:47+00:00,2024-10-06T15:30:15+00:00
c8iTru2zhVw,61000,Education,,UCUQkPM6zQzIs0B6HiSlXbwg,L&tEoW: Scales & Arpeggios,Public,Processed,2024-10-06T14:47:26+00:00,2024-10-06T16:00:37+00:00
VV3fOX5Mb28,61000,Education,,UCUQkPM6zQzIs0B6HiSlXbwg,L&tEoW: Stories of Woe,Public,Processed,2024-10-06T14:49:15+00:00,2024-10-06T17:00:20+00:00
g_-CK7FUIa8,61000,Education,,UCUQkPM6zQzIs0B6HiSlXbwg,L&tEoW: Guitar Lessons,Public,Processed,2024-10-06T14:50:21+00:00,2024-10-06T18:00:23+00:00
o_TI1Evy4L8,61000,Education,,UCUQkPM6zQzIs0B6HiSlXbwg,L&tEoW: Autumn Leaves,Public,Processed,2024-10-06T14:52:54+00:00,2024-10-06T19:00:31+00:00
GQQHD6WWC28,61000,Education,,UCUQkPM6zQzIs0B6HiSlXbwg,L&tEoW: Autumn Leaves Part2,Public,Processed,2024-10-06T14:55:37+00:00,2024-10-06T19:30:01+00:00
hFZOFYDlyJI,248000,Education,,UCUQkPM6zQzIs0B6HiSlXbwg,"Jesus, Jung, & Stories",Public,Processed,2024-10-07T11:45:36+00:00,2024-10-07T11:53:10+00:00
sMFOZHYFCJQ,61000,Education,,UCUQkPM6zQzIs0B6HiSlXbwg,Morgan Freeman’s Attention,Public,Processed,2024-10-08T13:07:33+00:00,2024-10-08T13:08:19+00:00
ActuXh04JMM,572000,Education,,UCUQkPM6zQzIs0B6HiSlXbwg,L&tEoW: To Be Perceived,Public,Processed,2024-10-08T17:11:50+00:00,2024-10-08T17:12:42+00:00
v9CXjUpAcUs,616000,Education,,UCUQkPM6zQzIs0B6HiSlXbwg,L&tEoW: Interpersonal Intelligence,Public,Processed,2024-10-09T00:14:29+00:00,2024-10-19T18:00:36+00:00
p3Avey5OhUk,206000,Education,,UCUQkPM6zQzIs0B6HiSlXbwg,"L&tEoW: Honesty, Intimacy, & The Christ",Public,Processed,2024-10-09T00:15:08+00:00,2024-10-20T18:00:28+00:00
CmOG46olpOU,257000,Education,,UCUQkPM6zQzIs0B6HiSlXbwg,L&tEoW: Perennial Wisdom,Public,Processed,2024-10-09T11:21:45+00:00,2024-10-09T12:07:35+00:00
i9oduh7oC1E,150000,Education,,UCUQkPM6zQzIs0B6HiSlXbwg,L&tEoW: Auto Insurance Cancelled for Homelessness,Public,Processed,2024-10-09T21:57:02+00:00,2024-10-24T18:00:26+00:00
xE9WzFr_RTI,659000,Education,,UCUQkPM6zQzIs0B6HiSlXbwg,L&tEoW: Lover of the Word,Public,Processed,2024-10-10T20:02:52+00:00,2024-10-17T17:00:58+00:00
kHkVM7j5ths,513000,Education,,UCUQkPM6zQzIs0B6HiSlXbwg,"L&tEoW: Kirbie Greene, Rat Crossings & Ravings of a Madman",Public,Processed,2024-10-11T14:29:11+00:00,2024-10-11T14:29:55+00:00
k0Ivv-_alrc,310000,Education,,UCUQkPM6zQzIs0B6HiSlXbwg,L&tEoW: New Old Friends,Public,Processed,2024-10-13T05:55:46+00:00,2024-10-21T18:00:22+00:00
NBfiK4YJwjU,287000,Education,,UCUQkPM6zQzIs0B6HiSlXbwg,L&tEoW: Stage Performance & Love of Audience,Public,Processed,2024-10-13T08:12:07+00:00,2024-10-23T18:00:15+00:00
N4CQepvhwFA,57000,Education,,UCUQkPM6zQzIs0B6HiSlXbwg,L&tEoW: Scales & Arpeggios,Public,Processed,2024-10-13T20:15:32+00:00,2024-10-15T02:49:49+00:00
j3Cs6WSBFoU,288000,Education,,UCUQkPM6zQzIs0B6HiSlXbwg,L&tEoW: God’s Jealousy,Public,Processed,2024-10-14T18:58:12+00:00,2024-10-26T16:00:44+00:00
YVRLnlKr4BQ,140000,Education,,UCUQkPM6zQzIs0B6HiSlXbwg,L&tEoW: Fell Through Me,Public,Processed,2024-10-14T19:08:41+00:00,2024-10-28T03:00:21+00:00
EsB_rqSaxc0,288000,Education,,UCUQkPM6zQzIs0B6HiSlXbwg,L&tEoW: Dear Grace,Public,Processed,2024-10-14T20:04:11+00:00,2024-10-29T08:00:14+00:00
SOd6tYStcGs,335000,Education,,UCUQkPM6zQzIs0B6HiSlXbwg,L&tEoW: Beyond the Tidal Pool,Public,Processed,2024-10-14T21:57:53+00:00,2024-10-30T11:00:37+00:00
3-aDoiHbFxs,537000,Education,,UCUQkPM6zQzIs0B6HiSlXbwg,L&tEoW: Sacrifice,Public,Processed,2024-10-15T00:28:00+00:00,2024-11-01T03:00:02+00:00
oP2AyiszWCQ,341000,Education,Credit Carla VanBlake Terwilliger,UCUQkPM6zQzIs0B6HiSlXbwg,You Are Welcome In This Place (Carla VanBlake Terwilliger),Public,Processed,2024-10-15T02:37:52+00:00,2024-11-01T12:01:08+00:00
dJd10AcsEQQ,281000,Education,,UCUQkPM6zQzIs0B6HiSlXbwg,L&tEoW: Cain & Abel,Public,Processed,2024-10-15T22:03:34+00:00,2024-11-02T11:00:48+00:00
GgSrIxX9GKY,464000,Education,,UCUQkPM6zQzIs0B6HiSlXbwg,L&tEoW: Montage Music at Mike’s,Public,Processed,2024-10-15T22:05:50+00:00,2024-11-03T12:00:16+00:00
HXei4nO-tu0,53000,Education,,UCUQkPM6zQzIs0B6HiSlXbwg,TravelinTrav,Public,Processed,2024-10-15T23:18:49+00:00,2024-10-16T00:42:56+00:00
gjBjttZohj0,53000,Education,,UCUQkPM6zQzIs0B6HiSlXbwg,TravelinTrav,Public,Processed,2024-10-16T00:23:04+00:00,2024-10-16T00:23:27+00:00
MMmnbhlfGWo,438000,Education,,UCUQkPM6zQzIs0B6HiSlXbwg,L&tEoW: you are Welcome In This Place,Public,Processed,2024-10-16T15:20:03+00:00,2024-11-04T12:00:24+00:00





